# Blender 4.5.4 LTS
# www.blender.org
mtllib BlueRov2_ResiFarm_Model_simplified.mtl
o BlueRov2-simplified
v -0.155023 0.189115 0.016177
v -0.156170 0.191392 0.011156
v -0.165441 0.213039 0.010994
v -0.165838 0.215228 0.015988
v -0.164569 0.231885 0.011010
v -0.161429 0.243157 0.016065
v -0.155971 0.251260 0.011160
v -0.141811 0.263502 0.016408
v -0.137282 0.265616 0.011486
v -0.116850 0.270432 0.016843
v -0.118964 0.270011 0.011806
v -0.098073 0.266478 0.012170
v -0.094094 0.264379 0.017241
v -0.079110 0.252521 0.012501
v -0.077820 0.250791 0.017525
v -0.067583 0.226714 0.012702
v -0.067933 0.226843 0.017697
v -0.071198 0.203520 0.017640
v -0.072938 0.198951 0.012609
v -0.086012 0.182224 0.017382
v -0.086443 0.182608 0.012373
v -0.103177 0.173956 0.012081
v -0.110032 0.172492 0.016962
v -0.119579 0.172202 0.011795
v -0.131183 0.173918 0.016593
v -0.137903 0.176535 0.011475
v -0.110569 0.171691 -0.033055
v -0.101035 0.174184 0.002117
v -0.082811 0.184545 -0.032570
v -0.081296 0.187150 0.002462
v -0.068428 0.209571 0.002686
v -0.067489 0.211056 -0.032303
v -0.070489 0.237798 0.002650
v -0.070385 0.239136 -0.032353
v -0.082011 0.255633 0.002449
v -0.082363 0.256572 -0.032562
v -0.101894 0.268145 0.002102
v -0.102705 0.268570 -0.032917
v -0.125483 0.269260 0.001690
v -0.126192 0.269001 -0.033327
v -0.143022 0.262396 0.001384
v -0.143537 0.261659 -0.033630
v -0.159529 0.245679 0.001096
v -0.159639 0.244382 -0.033911
v -0.166088 0.215797 0.000982
v -0.165264 0.219121 -0.034009
v -0.157677 0.194332 -0.033877
v -0.154777 0.189854 0.001179
v -0.138337 0.177139 -0.033539
v -0.131647 0.173676 0.001583
v 0.117929 0.172423 0.005939
v 0.129394 0.171691 -0.028866
v 0.138929 0.174184 0.006306
v 0.155201 0.183123 -0.028416
v 0.160365 0.188760 0.006680
v 0.169221 0.202037 -0.028171
v 0.172415 0.214287 0.006890
v 0.172828 0.222882 -0.028108
v 0.168438 0.239984 0.006821
v 0.168512 0.241218 -0.028183
v 0.157953 0.255633 0.006638
v 0.157601 0.256572 -0.028374
v 0.142342 0.266171 0.006365
v 0.137259 0.268570 -0.028729
v 0.119209 0.270261 0.005961
v 0.109014 0.268145 -0.029222
v 0.100933 0.264425 0.005642
v 0.085968 0.253444 0.005381
v 0.085622 0.252310 -0.029630
v 0.073790 0.225379 0.005169
v 0.075846 0.230946 -0.029801
v 0.076390 0.207333 -0.029791
v 0.079907 0.197746 0.005275
v 0.088417 0.187150 -0.029581
v 0.097560 0.178825 0.005584
v 0.103804 0.176288 -0.029313
v 0.090218 0.184399 0.015457
v 0.086707 0.187479 0.020396
v 0.076961 0.203860 0.015226
v 0.074913 0.210540 0.020191
v 0.074192 0.224881 0.015177
v 0.075136 0.231730 0.020194
v 0.080217 0.245197 0.015282
v 0.085307 0.252990 0.020372
v 0.094496 0.260870 0.015532
v 0.106774 0.267480 0.020747
v 0.111627 0.268702 0.015831
v 0.127833 0.269813 0.021114
v 0.132808 0.269249 0.016200
v 0.145870 0.264379 0.021429
v 0.154099 0.259196 0.016572
v 0.163708 0.248978 0.021741
v 0.169357 0.238266 0.016838
v 0.172047 0.224455 0.021886
v 0.171501 0.212446 0.016876
v 0.167197 0.199005 0.021801
v 0.159212 0.186994 0.016661
v 0.151686 0.181285 0.021531
v 0.132260 0.172482 0.016191
v 0.134583 0.173390 0.021232
v 0.111019 0.173087 0.020821
v 0.108752 0.174131 0.015780
v 0.121491 0.181271 0.021004
v 0.097739 0.190275 0.020589
v 0.085839 0.207871 0.020381
v 0.083749 0.224682 0.020345
v 0.089868 0.242696 0.020452
v 0.102277 0.254395 0.020668
v 0.116004 0.259806 0.020908
v 0.130893 0.259488 0.021168
v 0.146403 0.252916 0.021438
v 0.157411 0.239889 0.021631
v 0.162070 0.225888 0.021712
v 0.159966 0.206979 0.021675
v 0.145848 0.188479 0.021429
v 0.123202 0.181457 -0.028974
v 0.100974 0.188479 -0.029362
v 0.086857 0.206980 -0.029609
v 0.084753 0.225888 -0.029645
v 0.090407 0.241856 -0.029547
v 0.102244 0.253974 -0.029340
v 0.118073 0.260002 -0.029064
v 0.132808 0.259258 -0.028806
v 0.148304 0.252134 -0.028536
v 0.160839 0.235071 -0.028317
v 0.162943 0.216162 -0.028280
v 0.156230 0.198285 -0.028398
v 0.141763 0.185933 -0.028650
v -0.043405 0.172025 0.003123
v -0.223246 0.172025 -0.000016
v -0.209751 0.200394 0.000219
v -0.181479 0.245546 0.000713
v -0.153388 0.278542 0.001203
v -0.052060 0.184698 0.002972
v -0.059451 0.209033 0.002843
v -0.052637 0.250232 0.002962
v -0.037498 0.274793 0.003226
v -0.081643 0.285340 0.002456
v -0.005498 0.278759 0.003785
v 0.038704 0.287359 0.004556
v 0.041197 0.276037 0.004600
v 0.135525 0.281112 0.006246
v 0.157003 0.268584 0.006621
v 0.167908 0.254973 0.006812
v 0.205278 0.172025 0.007464
v 0.050066 0.172029 0.004755
v 0.060377 0.188462 0.004935
v 0.065506 0.206965 0.005024
v 0.062046 0.241594 0.004964
v 0.048160 0.270308 0.004721
v -0.116343 0.181457 0.016852
v -0.134904 0.185933 0.016528
v -0.147981 0.196700 0.016300
v -0.154674 0.210006 0.016183
v -0.156134 0.226789 0.016158
v -0.149783 0.242619 0.016269
v -0.139596 0.253294 0.016446
v -0.123960 0.259806 0.016719
v -0.109070 0.259488 0.016979
v -0.095384 0.253974 0.017218
v -0.082338 0.240130 0.017446
v -0.077597 0.221632 0.017529
v -0.080983 0.205033 0.017469
v -0.094115 0.188479 0.017240
v -0.116762 0.181457 -0.033163
v -0.133085 0.185613 -0.033448
v -0.146686 0.195902 -0.033685
v -0.155261 0.215261 -0.033835
v -0.151929 0.238335 -0.033777
v -0.135959 0.255262 -0.033498
v -0.113294 0.260707 -0.033102
v -0.091660 0.252134 -0.032725
v -0.079125 0.235071 -0.032506
v -0.077180 0.213986 -0.032472
v -0.085124 0.196700 -0.032610
v -0.098200 0.185933 -0.032839
v 0.049934 0.172023 0.015074
v 0.063656 0.196336 0.014993
v 0.065023 0.223115 0.015017
v 0.059746 0.246600 0.014925
v 0.045413 0.274107 0.014675
v 0.135183 0.281352 0.016242
v 0.162728 0.263195 0.016723
v 0.205104 0.172025 0.017462
v -0.152967 0.278845 0.011212
v -0.179426 0.248593 0.010750
v -0.208126 0.203712 0.010249
v -0.223421 0.172025 0.009982
v -0.043713 0.172025 0.013202
v -0.057718 0.196521 0.012875
v -0.057871 0.231434 0.012872
v -0.048975 0.257790 0.013027
v -0.038126 0.274510 0.013217
v -0.074241 0.285722 0.012586
v 0.001498 0.279247 0.013908
v 0.032939 0.287306 0.014457
v 0.198644 0.172025 0.054440
v 0.198593 0.162025 0.054700
v 0.183438 0.162025 0.096762
v 0.182541 0.172025 0.095565
v 0.189481 0.172025 0.098462
v 0.193814 0.162025 0.097541
v 0.197698 0.172025 0.094110
v 0.198497 0.162025 0.091411
v 0.167558 0.162025 0.063819
v 0.169100 0.172025 0.066833
v 0.158470 0.162025 0.025251
v 0.160035 0.172025 0.025004
v 0.153009 0.172025 0.029823
v 0.151573 0.162025 0.033670
v 0.152482 0.172025 0.037228
v 0.192234 0.162025 0.034238
v 0.189144 0.172025 0.029932
v 0.184636 0.162025 0.028109
v 0.165115 0.172025 0.272413
v 0.162607 0.162025 0.275241
v 0.119733 0.162025 0.303942
v 0.119305 0.172025 0.304068
v 0.014644 0.162025 0.282807
v 0.016171 0.172025 0.287253
v 0.023132 0.162025 0.297850
v 0.023867 0.172025 0.298448
v 0.034226 0.162025 0.302793
v 0.034306 0.172025 0.302762
v 0.013748 0.172025 0.251347
v 0.033262 0.162025 0.197799
v 0.033099 0.172025 0.197752
v 0.022146 0.162025 0.204651
v 0.018583 0.172025 0.208670
v 0.016341 0.162025 0.216002
v 0.140615 0.162025 0.200232
v 0.140582 0.172025 0.200331
v 0.156855 0.172025 0.239694
v 0.165610 0.162025 0.267674
v 0.165732 0.172025 0.130490
v 0.165632 0.162025 0.130517
v 0.122192 0.162025 0.159794
v 0.121769 0.172025 0.159919
v -0.134766 0.162025 0.150856
v -0.135833 0.172025 0.150148
v -0.119459 0.172025 0.155686
v -0.117339 0.162025 0.155936
v -0.179694 0.162025 0.110823
v -0.179729 0.172025 0.118339
v -0.178147 0.162025 0.120000
v -0.152901 0.162025 0.046434
v -0.151465 0.172025 0.043893
v -0.169727 0.172025 0.083839
v -0.135246 0.162025 0.017185
v -0.134684 0.172025 0.016554
v -0.030200 0.162025 0.012797
v 0.124474 0.162025 0.021085
v 0.126097 0.172025 0.022173
v 0.146699 0.162025 0.062279
v 0.150130 0.172025 0.071151
v 0.167564 0.162025 0.123456
v 0.167487 0.172025 0.122703
v -0.194814 0.172025 0.167609
v -0.194733 0.162025 0.167709
v -0.172680 0.162025 0.188885
v -0.172583 0.172025 0.188680
v -0.174226 0.162025 0.181255
v -0.174338 0.172025 0.181227
v -0.215174 0.162025 0.239491
v -0.215225 0.172025 0.239649
v -0.205258 0.162025 0.243089
v -0.201663 0.172025 0.242338
v -0.200339 0.162025 0.240198
v -0.205685 0.162025 0.167849
v -0.207732 0.172025 0.168610
v -0.214858 0.162025 0.177043
v -0.215081 0.172025 0.178423
v -0.038127 0.172025 0.301530
v -0.035324 0.162025 0.301150
v -0.139333 0.162025 0.293793
v -0.138480 0.172025 0.294280
v -0.122262 0.162025 0.299874
v -0.122052 0.172025 0.299836
v -0.182716 0.162025 0.258184
v -0.182472 0.172025 0.262391
v -0.180270 0.162025 0.264582
v -0.172779 0.172025 0.228615
v -0.154084 0.162025 0.194239
v -0.156642 0.172025 0.194847
v -0.160363 0.162025 0.199196
v -0.019209 0.162025 0.208011
v -0.017845 0.172025 0.212606
v -0.023730 0.172025 0.202838
v -0.033335 0.162025 0.196593
v -0.033500 0.172025 0.196634
v -0.016067 0.172025 0.253065
v -0.015933 0.162025 0.245362
v -0.026867 0.172025 0.296977
v -0.025343 0.162025 0.295291
v -0.019121 0.162025 0.285734
v -0.019302 0.172025 0.285923
v 0.196188 0.172025 0.189901
v 0.196132 0.162025 0.190068
v 0.181797 0.162025 0.243925
v 0.181828 0.172025 0.244094
v 0.194969 0.162025 0.241349
v 0.194925 0.172025 0.241194
v 0.159368 0.162025 0.192782
v 0.159258 0.172025 0.192811
v 0.157650 0.162025 0.199819
v 0.157726 0.172025 0.200338
v 0.187883 0.162025 0.182217
v 0.187262 0.172025 0.181945
v 0.177420 0.162025 0.180852
v 0.177319 0.172025 0.180976
v -0.180578 0.172025 0.060813
v -0.162717 0.162025 0.030707
v -0.162607 0.172025 0.030301
v -0.213183 0.162025 0.093158
v -0.213225 0.172025 0.093283
v -0.206703 0.162025 0.098436
v -0.206132 0.172025 0.098559
v -0.198605 0.162025 0.096794
v -0.197925 0.172025 0.096350
v -0.202597 0.162025 0.022392
v -0.201275 0.172025 0.022004
v -0.211402 0.172025 0.029245
v -0.211852 0.162025 0.030315
v -0.170685 0.162025 0.019195
v -0.164221 0.162025 0.023053
v -0.166495 0.172025 0.020108
v -0.138760 0.172025 0.318304
v -0.138761 0.162025 0.318219
v 0.124879 0.162025 0.323052
v 0.125396 0.172025 0.322899
v 0.214638 0.162025 0.256643
v 0.214674 0.172025 0.256781
v 0.209403 0.162025 0.266488
v 0.209268 0.172025 0.266534
v 0.217552 0.172025 0.118461
v 0.217305 0.162025 0.129269
v 0.218498 0.162025 0.027472
v 0.218816 0.172025 0.036944
v 0.211632 0.172025 -0.009892
v 0.189209 0.162025 -0.055065
v 0.188478 0.172025 -0.055217
v 0.198743 0.172025 -0.047471
v 0.201227 0.162025 -0.043925
v -0.200570 0.162025 -0.061723
v -0.199887 0.172025 -0.061939
v -0.131498 0.162025 -0.067997
v -0.096425 0.172025 -0.070083
v -0.023161 0.162025 -0.070881
v 0.024693 0.172025 -0.069757
v 0.098424 0.162025 -0.065794
v 0.119780 0.172025 -0.063772
v -0.211916 0.162025 -0.053329
v -0.210431 0.172025 -0.055007
v -0.225376 0.172025 -0.022597
v -0.230572 0.162025 -0.003850
v -0.231653 0.172025 0.008951
v -0.233544 0.172025 0.118563
v -0.233417 0.162025 0.107934
v -0.229410 0.162025 0.257509
v -0.229616 0.172025 0.257434
v -0.235374 0.162025 0.246429
v -0.235334 0.172025 0.246292
v -0.170402 0.162025 0.294466
v -0.173541 0.172025 0.292237
v -0.219948 0.139565 0.005156
v -0.216578 0.147754 0.013847
v -0.210947 0.154978 0.021178
v -0.199374 0.161710 0.027907
v -0.195857 -0.156204 0.028620
v -0.206864 -0.152323 0.024392
v -0.215107 -0.144231 0.016355
v -0.220028 -0.133391 0.005409
v -0.219463 -0.131015 -0.043125
v -0.216677 -0.139576 -0.052235
v -0.208508 -0.150052 -0.062378
v -0.195994 -0.155961 -0.068068
v -0.219388 0.137425 -0.043981
v -0.194164 0.162204 -0.068353
v -0.205459 0.158278 -0.064430
v -0.215953 0.147476 -0.053581
v 0.187392 0.161955 -0.061373
v 0.185682 -0.155961 0.034964
v 0.208752 0.139311 0.012801
v 0.209675 0.139450 -0.038453
v 0.203794 0.149917 0.023311
v 0.194820 0.158428 0.031491
v 0.196158 0.158203 -0.057519
v 0.183852 0.162204 0.035248
v 0.204283 0.151142 -0.050324
v 0.185491 -0.156212 -0.061707
v 0.196375 -0.152427 -0.057587
v 0.205058 -0.143917 -0.049099
v 0.209646 -0.133310 -0.038423
v 0.194605 -0.152203 0.031415
v 0.202977 -0.145142 0.024508
v 0.208780 -0.133450 0.012833
v -0.081588 -0.156414 0.312479
v -0.120209 -0.156492 0.311805
v -0.081067 -0.156500 0.302486
v -0.120194 -0.156438 0.301803
v -0.085932 -0.128163 0.302401
v -0.085605 -0.130659 0.312409
v -0.073262 -0.069297 0.302623
v -0.077907 -0.081666 0.312543
v -0.053965 -0.030121 0.302959
v -0.054522 -0.030440 0.312951
v 0.018055 -0.023760 0.304217
v 0.019801 -0.024088 0.314249
v -0.022190 -0.023760 0.313516
v -0.023936 -0.024088 0.303484
v 0.050387 -0.030440 0.304781
v 0.049830 -0.030121 0.314773
v 0.078119 -0.103304 0.315266
v 0.072071 -0.076897 0.305159
v 0.067262 -0.064727 0.315077
v 0.081551 -0.128633 0.305325
v 0.081252 -0.134192 0.315321
v 0.077453 -0.156414 0.305253
v 0.076932 -0.156500 0.315246
v 0.116059 -0.156438 0.315929
v 0.116320 -0.156453 0.305932
v 0.120519 -0.109017 0.306005
v 0.120366 -0.112509 0.316004
v 0.114048 -0.042917 0.305892
v 0.114478 -0.046577 0.315901
v 0.104554 0.003175 0.305726
v 0.104379 0.002825 0.315725
v 0.114653 0.052577 0.305903
v 0.113874 0.048917 0.315891
v 0.116234 0.162438 0.305930
v 0.116145 0.162453 0.315930
v 0.120540 0.118509 0.306005
v 0.120344 0.115017 0.316004
v 0.077279 0.162414 0.315252
v 0.077107 0.162500 0.305247
v 0.081427 0.140193 0.305323
v 0.081377 0.134633 0.315323
v 0.070570 0.078074 0.315135
v 0.075594 0.094301 0.305221
v 0.050689 0.036478 0.304786
v 0.049562 0.036092 0.314768
v -0.026563 0.030363 0.303438
v -0.019399 0.029526 0.313564
v 0.015264 0.029526 0.304168
v 0.022428 0.030363 0.314294
v -0.054347 0.036440 0.302953
v -0.054140 0.036121 0.312958
v -0.077733 0.087666 0.302545
v -0.073436 0.075298 0.312621
v -0.085430 0.136659 0.302410
v -0.086107 0.134163 0.312400
v -0.081414 0.162414 0.302480
v -0.081242 0.162500 0.312485
v -0.120369 0.162438 0.311802
v -0.120035 0.162492 0.301806
v -0.123827 0.133870 0.301740
v -0.124011 0.131932 0.311738
v -0.121365 0.068084 0.301783
v -0.122031 0.072200 0.311773
v -0.108514 0.002825 0.302007
v -0.108689 0.003175 0.312006
v -0.121857 -0.066199 0.301774
v -0.121539 -0.062084 0.311781
v -0.124001 -0.127870 0.311738
v -0.123837 -0.125931 0.301740
v -0.094647 0.059589 0.167835
v -0.107334 0.055360 0.167293
v -0.115456 0.049505 0.167665
v -0.121631 0.042474 0.167759
v -0.115304 0.049315 0.156867
v -0.110959 0.051554 0.030375
v -0.105915 0.056029 0.157031
v -0.093084 0.059536 0.030687
v -0.093876 0.059571 0.157241
v -0.127841 0.027786 0.167650
v -0.124631 0.032325 0.030136
v 0.091182 0.059236 0.170943
v -0.127826 -0.022349 0.167650
v 0.091182 -0.053236 0.170912
v -0.094647 -0.053589 0.167835
v -0.117569 -0.041988 0.167735
v -0.107334 -0.049359 0.167293
v 0.107819 0.050460 0.171309
v 0.107819 -0.044460 0.171309
v 0.114954 0.042019 0.171743
v 0.114927 -0.036033 0.171743
v 0.120990 0.028326 0.171993
v 0.120699 -0.023344 0.171988
v -0.125090 -0.023947 0.030128
v -0.064284 0.059898 0.167759
v 0.065576 0.059945 0.170025
v 0.065210 0.059898 0.160018
v -0.064646 0.059933 0.157751
v 0.095445 0.058849 0.033977
v 0.091914 0.058980 0.160484
v 0.095544 -0.052743 0.033979
v 0.112451 -0.042360 0.034274
v 0.112451 0.048360 0.034274
v 0.122946 -0.025539 0.034457
v 0.122559 0.032281 0.034451
v -0.093387 -0.053404 0.030681
v -0.117850 -0.038300 0.030254
v -0.107772 -0.047771 0.030430
v -0.101936 -0.052373 0.157100
v -0.115645 -0.043017 0.156861
v -0.064109 -0.053898 0.157760
v 0.065751 -0.053945 0.160027
v 0.065036 -0.053898 0.170016
v -0.064820 -0.053933 0.167749
v 0.113662 -0.039188 0.160863
v 0.092106 -0.053031 0.160487
v 0.114328 0.044525 0.160875
v -0.120249 -0.077917 0.166782
v -0.121930 -0.113550 0.156751
v -0.121465 -0.127947 0.166761
v -0.072785 0.081385 0.167610
v -0.078439 0.102996 0.157510
v -0.083562 0.134361 0.167422
v -0.082898 0.136696 0.157432
v 0.073537 -0.075385 0.170164
v 0.079540 -0.096996 0.160268
v 0.084313 -0.128360 0.170352
v 0.083999 -0.130696 0.160345
v -0.121912 0.124332 0.166753
v -0.117838 0.162438 0.166824
v -0.078711 0.162500 0.167507
v -0.119155 0.075095 0.166801
v 0.079366 0.102996 0.170266
v 0.120712 0.080023 0.170988
v 0.083824 0.136696 0.170344
v 0.122315 0.129969 0.171016
v 0.118676 0.162453 0.170952
v 0.079810 0.162414 0.170274
v 0.122707 -0.117390 0.171023
v 0.119387 -0.064322 0.170965
v 0.118590 -0.156438 0.170951
v 0.079463 -0.156500 0.170268
v -0.078614 -0.096996 0.167509
v -0.083072 -0.130696 0.167431
v -0.117679 -0.156492 0.166827
v -0.079058 -0.156414 0.167501
v 0.119561 0.070322 0.160966
v 0.122882 0.123390 0.161024
v -0.120074 0.083917 0.156783
v -0.121290 0.133947 0.156762
v -0.117504 0.162492 0.156828
v -0.078883 0.162414 0.157502
v 0.073711 0.081385 0.160166
v 0.084488 0.134361 0.160354
v 0.118764 0.162438 0.160952
v 0.079637 0.162500 0.160269
v -0.072611 -0.075385 0.157612
v -0.083387 -0.128361 0.157424
v -0.117664 -0.156438 0.156825
v -0.078536 -0.156500 0.157508
v 0.079984 -0.156414 0.160275
v 0.118850 -0.156453 0.160954
v 0.122489 -0.123969 0.161017
v 0.120887 -0.074022 0.160989
v -0.133660 -0.168287 0.011549
v -0.126665 -0.166325 0.016672
v -0.107783 -0.166851 0.012001
v -0.100838 -0.168733 0.017123
v -0.088231 -0.175046 0.012342
v -0.082723 -0.179724 0.017439
v -0.074207 -0.190931 0.012587
v -0.068544 -0.204173 0.017687
v -0.067861 -0.211162 0.012698
v -0.071644 -0.234630 0.017632
v -0.070958 -0.232125 0.012644
v -0.083920 -0.251808 0.012417
v -0.087966 -0.254749 0.017348
v -0.109468 -0.263870 0.011971
v -0.109748 -0.263689 0.016967
v -0.135489 -0.260837 0.016518
v -0.135173 -0.260705 0.011523
v -0.155971 -0.245260 0.011160
v -0.155994 -0.245003 0.016160
v -0.164130 -0.227982 0.016018
v -0.164569 -0.225885 0.011010
v -0.165838 -0.209228 0.015988
v -0.165441 -0.207038 0.010994
v -0.155023 -0.183115 0.016177
v -0.156170 -0.185392 0.011156
v -0.118423 -0.166031 0.001814
v -0.114420 -0.166031 -0.033122
v -0.139854 -0.171425 -0.033566
v -0.138948 -0.171139 0.001455
v -0.158288 -0.188332 0.001118
v -0.160717 -0.193799 -0.033930
v -0.165875 -0.213121 0.000985
v -0.165096 -0.216882 -0.034006
v -0.161130 -0.236183 0.001068
v -0.158918 -0.239679 -0.033899
v -0.144412 -0.255935 0.001360
v -0.142412 -0.256396 -0.033610
v -0.124872 -0.263259 -0.033304
v -0.124376 -0.263314 0.001710
v -0.107971 -0.263259 0.001996
v -0.106039 -0.263001 -0.032976
v -0.084384 -0.252685 0.002408
v -0.082635 -0.251676 -0.032567
v -0.070322 -0.230812 0.002653
v -0.069296 -0.229533 -0.032334
v -0.068100 -0.205056 0.002692
v -0.067381 -0.208385 -0.032301
v -0.074838 -0.188589 -0.032431
v -0.080379 -0.182135 0.002478
v -0.091718 -0.172072 -0.032726
v -0.097518 -0.169738 0.002178
v 0.135776 -0.167243 0.006251
v 0.112161 -0.167270 0.005838
v 0.100109 -0.171425 -0.029377
v 0.092999 -0.176226 0.005504
v 0.080518 -0.191746 -0.029719
v 0.079600 -0.192697 0.005270
v 0.073680 -0.217862 0.005167
v 0.075253 -0.209721 -0.029811
v 0.076583 -0.228638 -0.029788
v 0.082519 -0.242317 0.005321
v 0.091505 -0.252685 -0.029527
v 0.095816 -0.255659 0.005553
v 0.113160 -0.263001 0.005856
v 0.115092 -0.263259 -0.029116
v 0.131993 -0.263259 0.006185
v 0.133924 -0.263001 -0.028787
v 0.149533 -0.256396 0.006491
v 0.151269 -0.255659 -0.028484
v 0.166039 -0.239679 0.006779
v 0.167371 -0.238381 -0.028203
v 0.172217 -0.216882 0.006887
v 0.172860 -0.215537 -0.028107
v 0.169301 -0.198272 0.006836
v 0.168650 -0.194725 -0.028181
v 0.158102 -0.180326 0.006640
v 0.154086 -0.176226 -0.028435
v 0.130249 -0.166041 -0.028851
v 0.097812 -0.172508 0.020590
v 0.118027 -0.166255 0.015942
v 0.120479 -0.166059 0.020986
v 0.141414 -0.169154 0.016350
v 0.139125 -0.168733 0.021311
v 0.159055 -0.181277 0.021659
v 0.160333 -0.183176 0.016681
v 0.171233 -0.204072 0.016871
v 0.170241 -0.202021 0.021855
v 0.171240 -0.225551 0.021872
v 0.168694 -0.234581 0.016827
v 0.160525 -0.246543 0.021685
v 0.152123 -0.254510 0.016537
v 0.141731 -0.260732 0.021357
v 0.130495 -0.263870 0.016160
v 0.118371 -0.263838 0.020949
v 0.104791 -0.260705 0.015711
v 0.100306 -0.258497 0.020634
v 0.082375 -0.243475 0.015320
v 0.080878 -0.241343 0.020295
v 0.074192 -0.218881 0.015177
v 0.073794 -0.213970 0.020171
v 0.076961 -0.197860 0.015226
v 0.079918 -0.191232 0.020278
v 0.093641 -0.175031 0.015517
v 0.136992 -0.178201 0.021274
v 0.152710 -0.188917 0.021548
v 0.161315 -0.205963 0.021699
v 0.161804 -0.220851 0.021707
v 0.156082 -0.236695 0.021607
v 0.141962 -0.249549 0.021361
v 0.125713 -0.254332 0.021077
v 0.108958 -0.251849 0.020785
v 0.091720 -0.239630 0.020484
v 0.083880 -0.219888 0.020347
v 0.085452 -0.203020 0.020374
v 0.095300 -0.186743 0.020546
v 0.115879 -0.175881 0.020906
v 0.134970 -0.177226 -0.028769
v 0.148032 -0.184089 -0.028541
v 0.157913 -0.195233 -0.028368
v 0.163618 -0.215695 -0.028269
v 0.156230 -0.237764 -0.028398
v 0.141763 -0.250117 -0.028650
v 0.123202 -0.254593 -0.028974
v 0.100974 -0.247571 -0.029362
v 0.088911 -0.232945 -0.029573
v 0.084621 -0.218682 -0.029648
v 0.086712 -0.201870 -0.029611
v 0.095667 -0.187491 -0.029455
v 0.113854 -0.176519 -0.029137
v -0.223246 -0.166025 -0.000016
v -0.043556 -0.166029 0.003120
v -0.057543 -0.190521 0.002876
v -0.207951 -0.197711 0.000251
v -0.179251 -0.242592 0.000752
v -0.152111 -0.273323 0.001226
v -0.033665 -0.281326 0.003293
v -0.037400 -0.269014 0.003228
v -0.050421 -0.248597 0.003001
v -0.058079 -0.222042 0.002867
v 0.006825 -0.273039 0.004000
v 0.126586 -0.277221 0.006090
v 0.044008 -0.268793 0.004649
v 0.056122 -0.250388 0.004860
v 0.064284 -0.223983 0.005003
v 0.064368 -0.191824 0.005004
v 0.050152 -0.166031 0.004756
v 0.205278 -0.166025 0.007464
v 0.166805 -0.250901 0.006792
v 0.152300 -0.266603 0.006539
v -0.106995 -0.176519 0.017015
v -0.088807 -0.187491 0.017333
v -0.079853 -0.201870 0.017489
v -0.077843 -0.220789 0.017524
v -0.085262 -0.238384 0.017395
v -0.098001 -0.249549 0.017172
v -0.114250 -0.254332 0.016889
v -0.133014 -0.251207 0.016561
v -0.147981 -0.239350 0.016300
v -0.155925 -0.222064 0.016161
v -0.154960 -0.205035 0.016178
v -0.146322 -0.188157 0.016329
v -0.128111 -0.177226 0.016647
v -0.104993 -0.177226 -0.032957
v -0.086782 -0.188157 -0.032639
v -0.078144 -0.205035 -0.032489
v -0.077180 -0.222064 -0.032472
v -0.085124 -0.239350 -0.032611
v -0.102018 -0.252224 -0.032905
v -0.125251 -0.253529 -0.033311
v -0.145450 -0.241892 -0.033664
v -0.155261 -0.220789 -0.033835
v -0.153802 -0.204006 -0.033809
v -0.144528 -0.187184 -0.033647
v -0.123990 -0.176243 -0.033289
v 0.049858 -0.166023 0.014990
v 0.205104 -0.166025 0.017462
v 0.166581 -0.251115 0.016790
v 0.150862 -0.267490 0.016515
v 0.130539 -0.275975 0.016161
v 0.043736 -0.269014 0.014646
v 0.058282 -0.245413 0.014899
v 0.066010 -0.206306 0.015034
v 0.060203 -0.182462 0.014933
v -0.153562 -0.272542 0.011202
v -0.081818 -0.279339 0.012454
v -0.037672 -0.268793 0.013225
v -0.000490 -0.273039 0.013874
v 0.038528 -0.281359 0.014555
v -0.049787 -0.250388 0.013013
v -0.058627 -0.220638 0.012859
v -0.058562 -0.196929 0.012860
v -0.052234 -0.178698 0.012970
v -0.043639 -0.166028 0.013135
v -0.223840 -0.166029 0.009975
v -0.189694 -0.228681 0.010571
v 0.198067 -0.166025 0.093297
v 0.198030 -0.156025 0.093172
v 0.190519 -0.156025 0.098544
v 0.191892 -0.166025 0.098005
v 0.183747 -0.166025 0.096859
v 0.182362 -0.156025 0.095427
v 0.152458 -0.156025 0.036051
v 0.151447 -0.166025 0.034080
v 0.153009 -0.156025 0.029823
v 0.158470 -0.166025 0.025251
v 0.160035 -0.156025 0.025004
v 0.184636 -0.166025 0.028109
v 0.189144 -0.156025 0.029932
v 0.192234 -0.166025 0.034238
v 0.198644 -0.156025 0.054440
v 0.198593 -0.166025 0.054700
v 0.119733 -0.166025 0.303942
v 0.119305 -0.156025 0.304068
v 0.034226 -0.166025 0.302793
v 0.034306 -0.156025 0.302762
v 0.023867 -0.156025 0.298448
v 0.023132 -0.166025 0.297850
v 0.016171 -0.156025 0.287253
v 0.014644 -0.166025 0.282807
v 0.013748 -0.156025 0.251347
v 0.016341 -0.166025 0.216002
v 0.018583 -0.156025 0.208670
v 0.022146 -0.166025 0.204651
v 0.033099 -0.156025 0.197752
v 0.033262 -0.166025 0.197799
v 0.140615 -0.166025 0.200232
v 0.140582 -0.156025 0.200331
v 0.165126 -0.156025 0.265081
v 0.165610 -0.166025 0.267674
v 0.163361 -0.156025 0.274575
v 0.162607 -0.166025 0.275241
v 0.122192 -0.166025 0.159794
v 0.121769 -0.156025 0.159919
v -0.117339 -0.166025 0.155936
v -0.119459 -0.156025 0.155686
v -0.134766 -0.166025 0.150856
v -0.135833 -0.156025 0.150148
v -0.179729 -0.156025 0.118339
v -0.178147 -0.166025 0.120000
v -0.179694 -0.166025 0.110823
v -0.169727 -0.156025 0.083839
v -0.152901 -0.166025 0.046434
v -0.151465 -0.156025 0.043893
v -0.134684 -0.156025 0.016554
v -0.135246 -0.166025 0.017185
v 0.020187 -0.156025 0.013678
v 0.124474 -0.166025 0.021084
v 0.126097 -0.156025 0.022173
v 0.146699 -0.166025 0.062279
v 0.150130 -0.156025 0.071151
v 0.167487 -0.156025 0.122703
v 0.167564 -0.166025 0.123456
v 0.165732 -0.156025 0.130490
v 0.165632 -0.166025 0.130517
v -0.174226 -0.166025 0.181255
v -0.174338 -0.156025 0.181227
v -0.172583 -0.156025 0.188680
v -0.172692 -0.166025 0.188462
v -0.201663 -0.156025 0.242338
v -0.199962 -0.166025 0.240332
v -0.207307 -0.166025 0.243222
v -0.215225 -0.156025 0.239649
v -0.215568 -0.166025 0.238514
v -0.214858 -0.166025 0.177043
v -0.215081 -0.156025 0.178423
v -0.207732 -0.156025 0.168610
v -0.205685 -0.166025 0.167849
v -0.194814 -0.156025 0.167609
v -0.194733 -0.166025 0.167709
v -0.122262 -0.166025 0.299874
v -0.122052 -0.156025 0.299836
v -0.138480 -0.156025 0.294280
v -0.139333 -0.166025 0.293793
v -0.182472 -0.156025 0.262391
v -0.180270 -0.166025 0.264582
v -0.182716 -0.166025 0.258184
v -0.172779 -0.156025 0.228615
v -0.160363 -0.166025 0.199196
v -0.156642 -0.156025 0.194847
v -0.154084 -0.166025 0.194239
v -0.033335 -0.166025 0.196593
v -0.033500 -0.156025 0.196634
v -0.023730 -0.156025 0.202838
v -0.019209 -0.166025 0.208011
v -0.017845 -0.156025 0.212606
v -0.015933 -0.166025 0.245362
v -0.016067 -0.156025 0.253065
v -0.019121 -0.166025 0.285734
v -0.019302 -0.156025 0.285923
v -0.026867 -0.156025 0.296977
v -0.025343 -0.166025 0.295291
v -0.035324 -0.166025 0.301150
v -0.038127 -0.156025 0.301530
v 0.195376 -0.166025 0.240389
v 0.195335 -0.156025 0.240249
v 0.187162 -0.156025 0.244748
v 0.186583 -0.166025 0.244751
v 0.180241 -0.156025 0.242111
v 0.179833 -0.166025 0.241745
v 0.157948 -0.166025 0.200503
v 0.157726 -0.156025 0.200338
v 0.158702 -0.166025 0.193545
v 0.159258 -0.156025 0.192811
v 0.177420 -0.166025 0.180852
v 0.177319 -0.156025 0.180976
v 0.187262 -0.156025 0.181945
v 0.187883 -0.166025 0.182217
v 0.196188 -0.156025 0.189901
v 0.196132 -0.166025 0.190068
v -0.180578 -0.156025 0.060813
v -0.198605 -0.166025 0.096794
v -0.197925 -0.156025 0.096350
v -0.206132 -0.156025 0.098559
v -0.206703 -0.166025 0.098436
v -0.213225 -0.156025 0.093283
v -0.213183 -0.166025 0.093158
v -0.211852 -0.166025 0.030315
v -0.211402 -0.156025 0.029245
v -0.202597 -0.166025 0.022392
v -0.201275 -0.156025 0.022004
v -0.170685 -0.166025 0.019195
v -0.166495 -0.156025 0.020108
v -0.164221 -0.166025 0.023053
v -0.162607 -0.156025 0.030301
v -0.162717 -0.166025 0.030707
v 0.124879 -0.166025 0.323052
v 0.125396 -0.156025 0.322899
v 0.209403 -0.166025 0.266488
v 0.209268 -0.156025 0.266534
v 0.214674 -0.156025 0.256781
v 0.214638 -0.166025 0.256643
v 0.217305 -0.166025 0.129269
v 0.217552 -0.156025 0.118461
v 0.218498 -0.166025 0.027472
v 0.218816 -0.156025 0.036944
v 0.211632 -0.156025 -0.009892
v 0.201227 -0.166025 -0.043925
v 0.198743 -0.156025 -0.047471
v 0.189209 -0.166025 -0.055065
v 0.188478 -0.156025 -0.055217
v 0.079751 -0.156025 -0.067633
v 0.098424 -0.166025 -0.065794
v -0.023161 -0.166025 -0.070881
v -0.096425 -0.156025 -0.070083
v -0.131498 -0.166025 -0.067997
v -0.199887 -0.156025 -0.061939
v -0.200570 -0.166025 -0.061723
v -0.210431 -0.156025 -0.055007
v -0.211916 -0.166025 -0.053329
v -0.225376 -0.156025 -0.022597
v -0.227058 -0.166025 -0.016346
v -0.231653 -0.156025 0.008951
v -0.231671 -0.166025 0.009460
v -0.233417 -0.166025 0.107934
v -0.233544 -0.156025 0.118562
v -0.235374 -0.166025 0.246429
v -0.235334 -0.156025 0.246292
v -0.229616 -0.156025 0.257434
v -0.229410 -0.166025 0.257509
v -0.173541 -0.156025 0.292237
v -0.170402 -0.166025 0.294466
v -0.138760 -0.156025 0.318304
v -0.138761 -0.166025 0.318219
v 0.137635 0.149147 0.069495
v 0.142282 0.157033 0.064112
v 0.139204 0.152450 0.088876
v 0.134300 0.143973 0.089350
v 0.133339 0.142734 0.103470
v 0.126095 0.130167 0.102720
v 0.122934 0.125041 0.114240
v 0.115831 0.112509 0.106588
v 0.108002 0.099101 0.111538
v 0.106266 0.095705 0.098664
v 0.097218 0.079810 0.091215
v 0.099985 0.084337 0.082433
v 0.094542 0.074430 0.066537
v 0.099361 0.082566 0.059576
v 0.099032 0.081404 0.040029
v 0.104412 0.090754 0.041102
v 0.110298 0.100410 0.023314
v 0.111530 0.102801 0.031843
v 0.119713 0.116881 0.028773
v 0.121802 0.120247 0.020462
v 0.128616 0.132466 0.034314
v 0.132479 0.138987 0.028755
v 0.135756 0.145276 0.049046
v 0.138548 0.149905 0.042240
v 0.180876 0.124091 0.071442
v 0.177743 0.119205 0.089307
v 0.169821 0.105908 0.103246
v 0.160618 0.090088 0.107155
v 0.152577 0.076043 0.103182
v 0.145507 0.063437 0.091183
v 0.142542 0.057838 0.075870
v 0.142814 0.057803 0.059094
v 0.149640 0.068978 0.037753
v 0.162605 0.091176 0.029294
v 0.172411 0.108352 0.035694
v 0.179339 0.120811 0.050972
v 0.185236 0.131613 0.070489
v 0.184071 0.129043 0.052218
v 0.178747 0.119290 0.034589
v 0.170043 0.103889 0.023722
v 0.159738 0.085963 0.021124
v 0.146722 0.063737 0.031519
v 0.139966 0.052611 0.050488
v 0.137812 0.049430 0.068698
v 0.140394 0.054579 0.091076
v 0.149867 0.071582 0.110892
v 0.162260 0.093190 0.115716
v 0.174544 0.114235 0.108134
v 0.182801 0.127939 0.088443
v -0.112460 0.083803 0.071392
v -0.107913 0.076678 0.076057
v -0.115686 0.088412 0.084720
v -0.114624 0.086477 0.095905
v -0.123396 0.099947 0.097185
v -0.124275 0.101026 0.107400
v -0.132300 0.113551 0.101095
v -0.135570 0.118351 0.109840
v -0.141133 0.127226 0.098313
v -0.147448 0.136843 0.102251
v -0.149025 0.139687 0.086783
v -0.155422 0.149592 0.084676
v -0.152431 0.145281 0.073731
v -0.157951 0.153965 0.066833
v -0.152812 0.146367 0.055178
v -0.155677 0.151081 0.043873
v -0.147084 0.138037 0.036969
v -0.146436 0.137375 0.024487
v -0.137320 0.123294 0.026176
v -0.137040 0.123094 0.017575
v -0.128157 0.109433 0.017002
v -0.125994 0.105835 0.026970
v -0.118739 0.094762 0.023322
v -0.117374 0.092308 0.036489
v -0.112310 0.084575 0.034082
v -0.107713 0.077055 0.050540
v -0.112146 0.083768 0.054673
v -0.151009 0.057124 0.061498
v -0.154199 0.061498 0.081496
v -0.159541 0.069432 0.092350
v -0.167788 0.081929 0.099795
v -0.177934 0.097567 0.099151
v -0.185804 0.109895 0.091282
v -0.191516 0.119101 0.076014
v -0.192416 0.120927 0.059624
v -0.190172 0.117851 0.045526
v -0.184280 0.109125 0.032682
v -0.177150 0.098320 0.026224
v -0.169214 0.086139 0.024840
v -0.161761 0.074546 0.029237
v -0.154903 0.063698 0.039957
v -0.146422 0.050102 0.060040
v -0.148740 0.054153 0.042092
v -0.154696 0.063718 0.027364
v -0.165771 0.081061 0.016538
v -0.179640 0.102370 0.018157
v -0.191318 0.119966 0.032485
v -0.196413 0.127306 0.051213
v -0.197268 0.128123 0.069845
v -0.192562 0.120304 0.091151
v -0.183939 0.106674 0.104325
v -0.172977 0.089657 0.109542
v -0.163080 0.074515 0.105968
v -0.154351 0.061343 0.096026
v -0.148106 0.052202 0.078387
v 0.137218 -0.142083 0.058190
v 0.141406 -0.149192 0.053409
v 0.131814 -0.132124 0.038318
v 0.132903 -0.133732 0.029116
v 0.122266 -0.115059 0.020757
v 0.120346 -0.111979 0.028853
v 0.110693 -0.095079 0.022801
v 0.108108 -0.090956 0.034506
v 0.100219 -0.077390 0.037716
v 0.099732 -0.077107 0.056226
v 0.095067 -0.069102 0.058662
v 0.095192 -0.069944 0.079406
v 0.099247 -0.076838 0.075114
v 0.102213 -0.082437 0.090427
v 0.100286 -0.079387 0.099953
v 0.112048 -0.099919 0.105306
v 0.109848 -0.096321 0.112344
v 0.118965 -0.112189 0.114961
v 0.123558 -0.119832 0.104670
v 0.127981 -0.127664 0.110376
v 0.131731 -0.133699 0.095122
v 0.135522 -0.140389 0.099287
v 0.140916 -0.149184 0.081181
v 0.137077 -0.142407 0.076972
v 0.181118 -0.118472 0.070212
v 0.178462 -0.113205 0.048090
v 0.171911 -0.101466 0.035070
v 0.163008 -0.085880 0.029529
v 0.150830 -0.064986 0.036011
v 0.143258 -0.052485 0.056263
v 0.142402 -0.051567 0.074936
v 0.146447 -0.059148 0.093984
v 0.155045 -0.074378 0.105220
v 0.166525 -0.094291 0.106257
v 0.176874 -0.111773 0.091731
v 0.185179 -0.125274 0.062523
v 0.183984 -0.123830 0.083278
v 0.175870 -0.110473 0.106240
v 0.162746 -0.088035 0.115823
v 0.152528 -0.070244 0.112643
v 0.143959 -0.055059 0.101230
v 0.138914 -0.045781 0.083356
v 0.138066 -0.043688 0.062640
v 0.141883 -0.049707 0.043140
v 0.151356 -0.065582 0.025546
v 0.165097 -0.089246 0.021218
v 0.175773 -0.107986 0.029510
v 0.182493 -0.120091 0.044982
v -0.107218 -0.070144 0.056089
v -0.112706 -0.078708 0.051830
v -0.111750 -0.077699 0.034570
v -0.116260 -0.084523 0.039069
v -0.124268 -0.097151 0.027920
v -0.120455 -0.091449 0.021697
v -0.128871 -0.104536 0.016825
v -0.134354 -0.112744 0.025548
v -0.141486 -0.123888 0.019470
v -0.142970 -0.125863 0.030978
v -0.152624 -0.140616 0.035129
v -0.148879 -0.134691 0.040998
v -0.152801 -0.140326 0.056019
v -0.158023 -0.148290 0.058862
v -0.152359 -0.139144 0.074698
v -0.156159 -0.144807 0.081653
v -0.147994 -0.132037 0.089060
v -0.148849 -0.133050 0.100334
v -0.140663 -0.120497 0.098490
v -0.138632 -0.117094 0.108793
v -0.131769 -0.106732 0.101184
v -0.127188 -0.099463 0.109203
v -0.123014 -0.093374 0.096628
v -0.114940 -0.080941 0.096714
v -0.116821 -0.084092 0.087208
v -0.108172 -0.071055 0.076872
v -0.112076 -0.077233 0.070595
v -0.151555 -0.051775 0.068608
v -0.152429 -0.053677 0.047888
v -0.158510 -0.063431 0.033278
v -0.166492 -0.075929 0.025551
v -0.176654 -0.091567 0.025840
v -0.183810 -0.102413 0.032199
v -0.190667 -0.112586 0.046489
v -0.192503 -0.114861 0.066999
v -0.188583 -0.108306 0.086374
v -0.179475 -0.093964 0.098230
v -0.168204 -0.076559 0.100169
v -0.156352 -0.058651 0.087553
v -0.146527 -0.044102 0.066027
v -0.150032 -0.048960 0.086053
v -0.155908 -0.057685 0.098058
v -0.164885 -0.071248 0.107667
v -0.177486 -0.090627 0.108462
v -0.188867 -0.108412 0.098723
v -0.196335 -0.120478 0.077564
v -0.197000 -0.122123 0.054454
v -0.191553 -0.114304 0.033325
v -0.182475 -0.100673 0.020460
v -0.171338 -0.083657 0.015628
v -0.161572 -0.068515 0.019545
v -0.154170 -0.056884 0.028251
v -0.147883 -0.046744 0.045414
vn -0.3031 -0.5168 0.8007
vn -0.2219 -0.7457 0.6283
vn -0.6012 -0.5231 0.6040
vn -0.5668 -0.3577 0.7422
vn -0.6322 -0.1458 0.7609
vn -0.7610 -0.0792 0.6440
vn -0.6027 0.1075 0.7907
vn -0.7440 0.3436 0.5731
vn -0.4421 0.3788 0.8131
vn -0.4315 0.6579 0.6172
vn -0.2395 0.5894 0.7715
vn 0.0071 0.7761 0.6306
vn -0.0717 0.6702 0.7387
vn 0.2004 0.5818 0.7882
vn 0.3806 0.6541 0.6537
vn 0.4725 0.4197 0.7750
vn 0.6248 0.4226 0.6565
vn 0.5992 0.0734 0.7972
vn 0.7236 0.0974 0.6833
vn 0.7309 -0.2245 0.6445
vn 0.5191 -0.2959 0.8019
vn 0.4839 -0.6103 0.6272
vn 0.4249 -0.5465 0.7217
vn 0.1883 -0.5750 0.7962
vn 0.0914 -0.7531 0.6515
vn -0.0598 -0.5248 0.8491
vn -0.1749 -0.6038 -0.7777
vn 0.1000 -0.7530 -0.6504
vn 0.2104 -0.6101 -0.7639
vn 0.5290 -0.5539 -0.6429
vn 0.4913 -0.4376 -0.7531
vn 0.6228 -0.1445 -0.7690
vn 0.7578 -0.1582 -0.6331
vn 0.6235 0.2045 -0.7546
vn 0.7180 0.2610 -0.6453
vn 0.4723 0.4645 -0.7491
vn 0.5221 0.5470 -0.6544
vn 0.2064 0.6117 -0.7636
vn 0.2158 0.7265 -0.6524
vn -0.0933 0.6465 -0.7572
vn -0.1307 0.7331 -0.6675
vn -0.3469 0.5477 -0.7614
vn -0.4163 0.6123 -0.6722
vn -0.5432 0.3039 -0.7827
vn -0.6623 0.3482 -0.6634
vn -0.6105 -0.0571 -0.7900
vn -0.7421 -0.0178 -0.6700
vn -0.6242 -0.4072 -0.6667
vn -0.4839 -0.4092 -0.7735
vn -0.3286 -0.6687 -0.6670
vn -0.0659 -0.6607 -0.7477
vn 0.0972 -0.7498 -0.6545
vn 0.2317 -0.6102 -0.7576
vn 0.4813 -0.5832 -0.6544
vn 0.5049 -0.4223 -0.7528
vn 0.6968 -0.2966 -0.6531
vn 0.6444 -0.0879 -0.7596
vn 0.7531 0.0321 -0.6572
vn 0.6226 0.2428 -0.7439
vn 0.6896 0.3067 -0.6560
vn 0.4805 0.4656 -0.7431
vn 0.5181 0.5465 -0.6579
vn 0.2669 0.6086 -0.7473
vn 0.2101 0.7257 -0.6552
vn -0.0301 0.6490 -0.7602
vn -0.2237 0.7160 -0.6613
vn -0.3023 0.5842 -0.7532
vn -0.4753 0.4027 -0.7822
vn -0.5749 0.4845 -0.6593
vn -0.6123 0.0670 -0.7878
vn -0.7191 0.1683 -0.6742
vn -0.7103 -0.2080 -0.6725
vn -0.5595 -0.3050 -0.7706
vn -0.5325 -0.5054 -0.6790
vn -0.3285 -0.5495 -0.7682
vn -0.2743 -0.6850 -0.6749
vn -0.2453 -0.6014 0.7604
vn -0.1811 -0.7623 0.6213
vn -0.3888 -0.4925 0.7786
vn -0.6094 -0.5095 0.6075
vn -0.5660 -0.2424 0.7880
vn -0.7781 -0.1432 0.6116
vn -0.6423 0.0323 0.7658
vn -0.7606 0.1909 0.6205
vn -0.5518 0.2773 0.7865
vn -0.6101 0.5288 0.5901
vn -0.3543 0.4912 0.7958
vn -0.2866 0.7197 0.6323
vn -0.1309 0.6348 0.7615
vn 0.0244 0.7585 0.6512
vn 0.1289 0.6149 0.7780
vn 0.3434 0.7031 0.6227
vn 0.3692 0.4594 0.8079
vn 0.6588 0.4739 0.5844
vn 0.5209 0.1891 0.8324
vn 0.7972 0.0608 0.6007
vn 0.5581 -0.1056 0.8230
vn 0.7383 -0.3614 0.5694
vn 0.3984 -0.3830 0.8334
vn 0.4076 -0.6864 0.6023
vn 0.0989 -0.4699 0.8772
vn 0.1956 -0.7063 0.6803
vn 0.0105 0.6225 0.7825
vn 0.3770 0.4906 0.7856
vn 0.5929 0.2258 0.7729
vn 0.6327 -0.0648 0.7717
vn 0.5291 -0.3485 0.7737
vn 0.3392 -0.5579 0.7574
vn 0.1037 -0.6465 0.7558
vn -0.1515 -0.6457 0.7484
vn -0.3970 -0.5216 0.7552
vn -0.5891 -0.3265 0.7391
vn -0.6666 -0.0698 0.7421
vn -0.6112 0.2374 0.7550
vn -0.3686 0.5191 0.7711
vn 0.0337 0.6361 -0.7709
vn 0.3726 0.5141 -0.7726
vn 0.6062 0.2356 -0.7596
vn 0.6581 -0.0756 -0.7491
vn 0.5678 -0.3436 -0.7481
vn 0.3709 -0.5462 -0.7511
vn 0.1151 -0.6474 -0.7534
vn -0.1439 -0.6414 -0.7536
vn -0.3919 -0.5002 -0.7721
vn -0.5860 -0.2352 -0.7754
vn -0.6347 0.0802 -0.7686
vn -0.5167 0.3719 -0.7712
vn -0.2768 0.5809 -0.7655
vn 0.2242 0.9614 -0.1598
vn -0.2461 0.9478 -0.2026
vn -0.6223 0.3396 -0.7053
vn -0.5760 0.4207 -0.7009
vn -0.3536 0.6836 -0.6385
vn 0.5969 0.3094 -0.7403
vn 0.6429 0.0279 -0.7655
vn 0.6209 -0.2343 -0.7481
vn 0.3161 -0.4877 -0.8138
vn -0.0359 0.7176 -0.6956
vn 0.0596 -0.6839 -0.7272
vn 0.0364 0.7231 -0.6898
vn -0.1781 -0.5830 -0.7927
vn -0.5236 -0.3734 -0.7658
vn 0.2318 0.7131 -0.6616
vn 0.4791 0.5955 -0.6449
vn 0.6697 0.3566 -0.6514
vn 0.2564 0.9460 -0.1982
vn -0.2271 0.9577 -0.1769
vn -0.5864 0.2923 -0.7555
vn -0.6421 0.0505 -0.7650
vn -0.6151 -0.1864 -0.7661
vn -0.0332 0.6384 0.7690
vn 0.2769 0.5820 0.7646
vn 0.4994 0.4077 0.7644
vn 0.6223 0.1848 0.7607
vn 0.6315 -0.0949 0.7695
vn 0.5373 -0.3641 0.7608
vn 0.3620 -0.5355 0.7630
vn 0.1106 -0.6468 0.7546
vn -0.1538 -0.6472 0.7466
vn -0.3751 -0.5417 0.7522
vn -0.5785 -0.3125 0.7535
vn -0.6674 -0.0167 0.7445
vn -0.6054 0.2752 0.7468
vn -0.3718 0.5225 0.7673
vn 0.0190 0.6441 -0.7647
vn 0.2966 0.5929 -0.7487
vn 0.5166 0.4013 -0.7564
vn 0.6467 0.0906 -0.7574
vn 0.5799 -0.2778 -0.7658
vn 0.3346 -0.5487 -0.7661
vn -0.0339 -0.6286 -0.7770
vn -0.3747 -0.5057 -0.7771
vn -0.5867 -0.2279 -0.7771
vn -0.6222 0.1091 -0.7752
vn -0.5060 0.3995 -0.7644
vn -0.2746 0.5858 -0.7625
vn -0.2862 0.5699 0.7703
vn -0.6333 0.1861 0.7512
vn -0.6664 -0.0602 0.7432
vn -0.6390 -0.2587 0.7244
vn -0.3574 -0.4627 0.8113
vn 0.2120 0.7242 0.6562
vn 0.5679 0.4912 0.6604
vn 0.2492 0.9461 0.2069
vn -0.5871 0.4408 0.6790
vn -0.3530 0.6952 0.6262
vn -0.6391 0.3572 0.6812
vn -0.2528 0.9479 0.1938
vn 0.2760 0.4874 0.8284
vn 0.5894 0.1744 0.7888
vn 0.6107 -0.1046 0.7849
vn 0.5689 -0.3228 0.7564
vn 0.3004 -0.4795 0.8245
vn -0.0390 0.7178 0.6951
vn -0.0185 -0.6666 0.7452
vn -0.0053 0.7113 0.7028
vn -0.4863 0.8232 -0.2930
vn -0.6565 0.7469 0.1056
vn -0.5962 -0.7840 -0.1729
vn -0.6655 -0.7399 0.0985
vn 0.3298 -0.8269 -0.4554
vn 0.4369 0.7923 -0.4259
vn -0.0172 0.8042 -0.5941
vn -0.2423 -0.8141 -0.5277
vn 0.5469 -0.8359 0.0469
vn 0.6064 0.7769 -0.1694
vn 0.6332 -0.6986 -0.3332
vn 0.6356 0.7003 -0.3251
vn 0.2068 -0.8167 0.5387
vn 0.1236 0.7927 0.5970
vn 0.5044 0.8088 0.3023
vn -0.2130 -0.7741 0.5962
vn -0.3583 0.8203 0.4459
vn -0.5339 -0.7822 0.3210
vn -0.1762 0.7824 -0.5973
vn -0.5024 0.8403 -0.2038
vn -0.1860 -0.7825 -0.5942
vn -0.4565 -0.7826 -0.4233
vn 0.1331 0.7502 -0.6476
vn 0.1374 -0.7541 -0.6422
vn 0.6156 -0.7760 -0.1376
vn 0.5992 0.7658 -0.2334
vn 0.4192 -0.7772 -0.4694
vn 0.3933 0.7746 -0.4952
vn 0.6251 -0.7690 0.1338
vn 0.5257 0.7947 0.3035
vn 0.6443 0.7646 0.0154
vn 0.1641 -0.7741 0.6114
vn 0.1761 0.7825 0.5972
vn 0.4487 -0.7709 0.4522
vn -0.2981 0.8504 0.4335
vn -0.2938 -0.8554 0.4266
vn -0.5979 -0.8013 0.0193
vn -0.6127 0.7588 0.2211
vn -0.1717 0.7809 -0.6006
vn -0.4939 0.7989 -0.3432
vn -0.1819 -0.7809 -0.5975
vn -0.4949 -0.7925 -0.3564
vn 0.1172 0.7426 -0.6594
vn 0.0895 -0.7371 -0.6699
vn 0.2924 -0.7483 -0.5954
vn 0.3167 0.7383 -0.5955
vn 0.4963 -0.7945 -0.3501
vn 0.4966 0.8459 -0.1945
vn 0.6003 -0.7939 0.0967
vn 0.3002 -0.8245 0.4796
vn 0.2669 0.8373 0.4772
vn 0.6126 -0.7247 0.3154
vn 0.6091 0.7197 0.3333
vn 0.6156 0.7476 0.2494
vn -0.2771 -0.8333 0.4784
vn -0.3328 0.8329 0.4422
vn -0.0066 -0.7315 0.6818
vn -0.6287 -0.7775 0.0169
vn -0.6332 0.7728 0.0421
vn -0.6134 -0.7394 0.2776
vn -0.6444 0.7255 0.2416
vn -0.4944 0.7977 0.3452
vn -0.1646 0.7844 0.5980
vn -0.4920 -0.8039 0.3343
vn -0.1783 -0.7774 0.6032
vn -0.6056 -0.7904 -0.0927
vn -0.6000 0.7959 -0.0806
vn -0.4867 -0.7590 -0.4324
vn -0.2397 0.8540 -0.4618
vn 0.4206 -0.8593 -0.2909
vn 0.3895 0.8723 -0.2956
vn -0.0299 -0.8142 -0.5798
vn 0.5993 0.7796 0.1821
vn 0.5584 -0.7984 0.2251
vn 0.2189 -0.7948 0.5661
vn 0.2894 0.8072 0.5144
vn 0.1145 0.7406 -0.6621
vn -0.0982 0.7531 -0.6506
vn 0.1177 -0.7458 -0.6557
vn -0.1632 -0.7678 -0.6196
vn 0.3186 -0.7396 -0.5928
vn 0.3054 0.7422 -0.5966
vn 0.4816 -0.7709 -0.4169
vn 0.4976 0.8467 -0.1882
vn 0.6021 -0.7979 0.0273
vn 0.5182 -0.7812 0.3482
vn 0.2803 0.8336 0.4759
vn 0.6203 0.7483 0.2350
vn 0.1636 -0.7884 0.5930
vn -0.1806 0.7711 0.6105
vn -0.1959 -0.7806 0.5935
vn -0.5378 -0.7936 0.2846
vn -0.6219 0.7673 0.1566
vn -0.4441 0.7655 0.4657
vn -0.6013 -0.7704 -0.2120
vn -0.6052 0.7642 -0.2229
vn -0.6849 0.7280 -0.0308
vn -0.6854 -0.7281 0.0084
vn -0.4006 0.7753 -0.4883
vn -0.4643 -0.7595 -0.4556
vn -0.3786 0.8724 -0.3093
vn -0.5328 0.8149 0.2281
vn -0.3663 -0.8785 -0.3068
vn -0.5458 -0.8072 0.2246
vn 0.2156 -0.8638 -0.4554
vn 0.2050 0.8704 -0.4476
vn 0.6006 -0.7958 -0.0773
vn 0.6001 0.7938 -0.0986
vn 0.4931 -0.7971 0.3485
vn 0.4912 0.8036 0.3360
vn 0.1491 0.7872 0.5984
vn 0.1391 -0.7944 0.5913
vn -0.2708 -0.7816 0.5619
vn -0.2477 0.7811 0.5732
vn -0.3499 -0.8142 -0.4633
vn -0.3772 0.8160 -0.4380
vn -0.6613 0.6587 -0.3589
vn -0.5973 -0.7950 -0.1059
vn -0.5862 0.8076 -0.0643
vn 0.5228 -0.8180 -0.2400
vn 0.5092 0.8252 -0.2445
vn 0.1421 -0.8140 -0.5632
vn 0.1073 0.8150 -0.5695
vn 0.5078 0.8166 0.2746
vn 0.5365 -0.8100 0.2367
vn 0.2468 -0.7771 0.5790
vn 0.2095 0.7681 0.6051
vn -0.0999 -0.7853 0.6110
vn -0.2888 0.8483 0.4438
vn -0.5028 -0.8012 0.3245
vn 0.2232 0.6454 0.7305
vn -0.2491 0.6410 0.7260
vn 0.2081 -0.6453 0.7350
vn -0.2483 -0.6470 0.7210
vn 0.5522 0.6605 0.5087
vn 0.5595 -0.6553 0.5075
vn 0.7265 -0.6610 0.1878
vn 0.7294 0.6558 0.1946
vn 0.7115 0.7026 0.0100
vn 0.7064 -0.7077 0.0132
vn 0.7267 0.6866 -0.0203
vn 0.7441 -0.6625 -0.0865
vn 0.6720 -0.6403 -0.3720
vn 0.5988 0.6506 -0.4672
vn 0.7550 0.6295 -0.1836
vn 0.3099 -0.6480 -0.6957
vn 0.2745 0.6580 -0.7013
vn -0.2658 -0.6550 -0.7073
vn -0.2404 0.6568 -0.7147
vn -0.0544 -0.6828 -0.7285
vn -0.0224 0.6653 -0.7463
vn 0.0030 -0.6711 -0.7413
vn 0.0296 0.6754 -0.7368
vn 0.0508 -0.6825 -0.7292
vn 0.0798 0.6889 -0.7205
vn -0.6094 -0.6491 -0.4553
vn -0.5627 0.6555 -0.5037
vn -0.7457 -0.6515 -0.1396
vn -0.7341 0.6775 -0.0450
vn -0.7223 0.6419 -0.2572
vn -0.7063 0.7078 -0.0105
vn -0.7091 -0.7050 -0.0119
vn -0.7325 0.6591 0.1701
vn -0.7356 -0.6539 0.1771
vn -0.5477 -0.6570 0.5180
vn -0.5577 0.6497 0.5166
vn -0.4007 -0.7158 0.5719
vn -0.3868 0.7201 0.5760
vn -0.2213 -0.6906 0.6885
vn -0.3039 0.6761 0.6713
vn -0.6058 -0.5698 0.5553
vn -0.9059 0.3056 0.2931
vn -0.9747 -0.1636 0.1525
vn -0.8621 -0.3610 0.3558
vn -0.9796 0.1527 0.1308
vn -0.7295 0.4848 0.4824
vn -0.9093 -0.2803 -0.3077
vn -0.6787 -0.5114 -0.5271
vn -0.2478 -0.6821 -0.6880
vn -0.9866 -0.1081 -0.1222
vn -0.9834 0.1131 -0.1416
vn -0.1967 0.6906 -0.6960
vn -0.6004 0.5607 -0.5701
vn -0.8792 0.3300 -0.3438
vn 0.2512 0.6866 -0.6823
vn 0.1956 0.6908 0.6961
vn 0.2271 -0.6865 0.6907
vn 0.9712 0.1586 0.1779
vn 0.9742 0.1674 -0.1512
vn 0.8515 0.3594 0.3818
vn 0.8434 0.3859 -0.3738
vn 0.5848 0.5705 0.5766
vn 0.6240 0.5560 -0.5491
vn 0.2191 -0.6910 -0.6888
vn 0.6035 -0.5707 -0.5569
vn 0.9768 -0.1586 -0.1440
vn 0.8643 -0.3594 -0.3518
vn 0.6041 -0.5561 0.5708
vn 0.8298 -0.3859 0.4031
vn 0.9683 -0.1674 0.1851
vn 0.6081 -0.5302 0.5909
vn -0.5400 -0.6120 0.5778
vn 0.6489 -0.5299 -0.5460
vn -0.5306 -0.6066 -0.5920
vn 0.6602 -0.0172 -0.7509
vn 0.6718 0.0162 0.7406
vn 0.3569 -0.4563 -0.8151
vn 0.3426 -0.4465 0.8266
vn 0.6280 -0.2496 -0.7371
vn 0.6037 -0.1600 0.7810
vn -0.3418 -0.4494 -0.8254
vn -0.3558 -0.4591 0.8140
vn -0.0487 -0.6759 -0.7353
vn -0.0914 -0.6837 0.7240
vn 0.0487 -0.6759 0.7354
vn 0.0914 -0.6837 -0.7240
vn -0.6549 -0.0178 -0.7555
vn -0.6798 0.0458 0.7320
vn -0.6587 -0.1190 0.7429
vn -0.6186 -0.1940 -0.7614
vn -0.6281 -0.2639 0.7320
vn -0.6125 -0.5276 -0.5886
vn -0.6548 -0.5239 0.5448
vn 0.5334 -0.6015 0.5947
vn 0.5592 -0.6013 -0.5708
vn 0.7393 0.0144 -0.6732
vn 0.7168 -0.0140 0.6972
vn 0.6682 -0.0029 -0.7439
vn 0.6418 0.0029 0.7668
vn 0.7208 0.1155 -0.6834
vn 0.7028 0.0989 0.7045
vn 0.7407 0.0140 -0.6717
vn 0.7154 -0.0144 0.6986
vn 0.7269 -0.0989 -0.6795
vn 0.6965 -0.1155 0.7082
vn 0.5539 0.6015 -0.5757
vn 0.5389 0.6013 0.5900
vn -0.6327 0.5276 0.5669
vn -0.6354 0.5239 -0.5674
vn -0.6526 -0.0399 -0.7567
vn -0.6745 0.0256 0.7379
vn -0.3413 0.4339 -0.8338
vn -0.3576 0.4712 0.8063
vn -0.6016 0.2302 0.7649
vn -0.6117 0.1407 -0.7785
vn 0.3750 0.4461 -0.8126
vn 0.3309 0.4565 0.8259
vn 0.1082 0.6739 -0.7308
vn 0.0319 0.6739 0.7381
vn -0.0331 0.6736 -0.7384
vn -0.1099 0.6719 0.7325
vn 0.6973 -0.0162 -0.7166
vn 0.6336 0.0172 0.7735
vn 0.6305 0.1600 -0.7595
vn 0.6019 0.2496 0.7586
vn 0.6283 0.5302 -0.5694
vn 0.6294 0.5299 0.5684
vn -0.5510 0.6066 0.5731
vn -0.5195 0.6120 -0.5963
vn -0.7135 0.0387 -0.6996
vn -0.7331 0.0242 0.6797
vn -0.6444 0.0027 -0.7647
vn -0.6707 -0.0027 0.7417
vn -0.7071 -0.0966 -0.7005
vn -0.7356 -0.0688 0.6739
vn -0.7090 -0.0242 -0.7048
vn -0.7374 -0.0387 0.6743
vn -0.7117 0.0688 -0.6991
vn -0.7311 0.0966 0.6754
vn -0.6285 0.3947 0.6702
vn -0.5665 0.2032 0.7986
vn -0.8181 0.5397 -0.1985
vn -0.4665 0.5842 -0.6641
vn -0.2786 0.5993 -0.7505
vn -0.1416 0.7311 -0.6674
vn -0.0867 0.6667 -0.7403
vn -0.7139 0.2328 -0.6604
vn -0.7424 0.1464 0.6538
vn -0.0202 0.0145 0.9997
vn -0.0593 0.1100 0.9922
vn -0.0193 0.0098 0.9998
vn -0.7425 -0.1792 0.6455
vn -0.0192 -0.0081 0.9998
vn -0.0206 -0.0167 0.9996
vn -0.6406 -0.1820 0.7460
vn -0.0563 -0.1055 0.9928
vn -0.0274 0.0118 0.9996
vn -0.0248 -0.0156 0.9996
vn 0.6066 0.1165 0.7864
vn 0.6084 -0.1248 0.7838
vn 0.7126 0.1516 0.6850
vn 0.7102 -0.1602 0.6856
vn -0.7219 -0.1733 -0.6699
vn 0.2455 0.8377 0.4878
vn -0.2807 0.6715 0.6858
vn -0.2430 0.9464 -0.2129
vn 0.2690 0.9360 -0.2272
vn 0.2231 0.7295 -0.6465
vn 0.2025 0.6075 -0.7681
vn 0.2220 -0.7292 -0.6472
vn 0.5382 -0.5364 -0.6501
vn 0.5370 0.5370 -0.6506
vn 0.7412 -0.2054 -0.6391
vn 0.7384 0.2109 -0.6405
vn -0.1234 -0.7302 -0.6720
vn -0.5843 -0.4430 -0.6799
vn -0.3868 -0.6271 -0.6761
vn -0.1858 -0.6023 -0.7764
vn -0.7319 -0.6341 -0.2496
vn 0.2500 -0.9467 -0.2030
vn -0.2551 -0.9362 -0.2418
vn 0.2020 -0.6075 -0.7682
vn -0.2709 -0.7005 0.6602
vn 0.2546 -0.8061 0.5342
vn 0.8930 -0.3756 -0.2480
vn 0.9124 0.3525 -0.2078
vn -0.7641 0.0550 0.6427
vn -0.7308 0.0045 -0.6826
vn -0.7453 -0.0579 0.6642
vn 0.6331 0.2020 0.7473
vn 0.6537 0.1357 -0.7445
vn 0.6394 0.0116 0.7688
vn 0.6992 -0.0224 -0.7146
vn -0.6576 -0.2016 0.7259
vn -0.6273 -0.1356 -0.7669
vn -0.6657 -0.0110 0.7461
vn -0.6738 0.0224 -0.7386
vn -0.7466 0.0077 0.6652
vn -0.5516 0.6058 0.5734
vn 0.6296 0.5297 0.5683
vn -0.7323 -0.0837 0.6759
vn -0.6540 0.1383 0.7437
vn 0.7234 -0.0604 0.6878
vn -0.6992 -0.0224 0.7146
vn 0.7104 0.0480 0.7021
vn 0.5359 0.6039 0.5900
vn -0.6282 0.5304 0.5693
vn 0.7220 -0.0095 0.6918
vn 0.7053 0.0891 0.7032
vn 0.5310 -0.6032 0.5951
vn -0.6489 -0.5300 0.5459
vn 0.6279 -0.1391 0.7658
vn 0.6738 0.0224 0.7386
vn -0.5399 -0.6121 0.5778
vn 0.6082 -0.5300 0.5909
vn 0.7337 -0.1204 -0.6687
vn 0.7448 0.0077 -0.6672
vn -0.7160 -0.0559 -0.6958
vn -0.7160 0.0552 -0.6959
vn -0.5194 0.6121 -0.5963
vn 0.6285 0.5300 -0.5693
vn -0.6242 0.2000 -0.7552
vn -0.6388 0.0092 -0.7693
vn 0.5514 0.6032 -0.5762
vn -0.6295 0.5300 -0.5682
vn 0.6502 -0.2000 -0.7330
vn 0.6652 -0.0092 -0.7466
vn -0.5316 -0.6052 -0.5925
vn 0.6491 -0.5297 -0.5460
vn -0.6080 -0.5304 -0.5908
vn 0.5562 -0.6039 -0.5709
vn 0.7345 -0.0480 -0.6769
vn 0.7430 0.0648 -0.6662
vn -0.2528 0.4990 0.8289
vn -0.5950 0.5381 0.5969
vn -0.1208 0.8008 0.5866
vn 0.0715 0.5996 0.7971
vn 0.2577 0.7267 0.6367
vn 0.3293 0.5149 0.7915
vn 0.5556 0.5387 0.6333
vn 0.4889 0.2905 0.8225
vn 0.7717 0.1961 0.6050
vn 0.5871 -0.0135 0.8094
vn 0.6980 -0.3277 0.6367
vn 0.6211 -0.1955 0.7590
vn 0.4081 -0.4258 0.8076
vn 0.3969 -0.6623 0.6354
vn 0.0782 -0.6185 0.7819
vn 0.0876 -0.7352 0.6722
vn -0.3011 -0.7130 0.6333
vn -0.2530 -0.6088 0.7519
vn -0.5020 -0.3976 0.7681
vn -0.5884 -0.4615 0.6639
vn -0.7260 -0.2201 0.6515
vn -0.6595 -0.1364 0.7392
vn -0.7606 0.0838 0.6437
vn -0.6322 0.1458 0.7610
vn -0.5604 0.3626 0.7446
vn -0.0127 0.6527 -0.7575
vn 0.0300 0.7475 -0.6636
vn -0.3590 0.6635 -0.6564
vn -0.2855 0.5758 -0.7661
vn -0.5225 0.3494 -0.7778
vn -0.6639 0.3360 -0.6681
vn -0.6339 0.0274 -0.7730
vn -0.7344 -0.0311 -0.6780
vn -0.5706 -0.2805 -0.7718
vn -0.6416 -0.3768 -0.6681
vn -0.3524 -0.5285 -0.7723
vn -0.3947 -0.6244 -0.6741
vn -0.1227 -0.7330 -0.6691
vn -0.1000 -0.6540 -0.7499
vn 0.1489 -0.6403 -0.7536
vn 0.1832 -0.7284 -0.6602
vn 0.4246 -0.4797 -0.7679
vn 0.5243 -0.5603 -0.6413
vn 0.6247 -0.2085 -0.7525
vn 0.7272 -0.2292 -0.6470
vn 0.6358 0.1233 -0.7620
vn 0.7544 0.0907 -0.6502
vn 0.6361 0.4058 -0.6563
vn 0.5068 0.4333 -0.7453
vn 0.3820 0.6531 -0.6539
vn 0.2651 0.6046 -0.7511
vn 0.1830 0.6217 -0.7616
vn 0.0992 0.7478 -0.6565
vn -0.1271 0.6426 -0.7556
vn -0.3472 0.6661 -0.6601
vn -0.3956 0.5111 -0.7631
vn -0.6482 0.3645 -0.6686
vn -0.5711 0.2845 -0.7700
vn -0.6211 -0.0291 -0.7832
vn -0.7258 0.0989 -0.6808
vn -0.6984 -0.2294 -0.6780
vn -0.5430 -0.3534 -0.7618
vn -0.4809 -0.5755 -0.6615
vn -0.3450 -0.5542 -0.7575
vn -0.1274 -0.6405 -0.7573
vn -0.1392 -0.7327 -0.6662
vn 0.1308 -0.6492 -0.7493
vn 0.1648 -0.7282 -0.6652
vn 0.3732 -0.5477 -0.7488
vn 0.4395 -0.6123 -0.6573
vn 0.5689 -0.3205 -0.7574
vn 0.6766 -0.3563 -0.6443
vn 0.6674 -0.0355 -0.7439
vn 0.7586 -0.0149 -0.6514
vn 0.6326 0.2269 -0.7405
vn 0.6918 0.3115 -0.6515
vn 0.4691 0.4646 -0.7510
vn 0.4673 0.5949 -0.6540
vn -0.3927 0.4474 0.8035
vn -0.3540 0.6957 0.6251
vn -0.1358 0.4115 0.9012
vn -0.0235 0.7569 0.6531
vn 0.2322 0.5652 0.7916
vn 0.2021 0.7008 0.6841
vn 0.5481 0.5443 0.6351
vn 0.5162 0.3998 0.7575
vn 0.5873 0.1218 0.8001
vn 0.6874 0.2384 0.6861
vn 0.8054 -0.1127 0.5819
vn 0.5017 -0.2388 0.8314
vn 0.6008 -0.5152 0.6112
vn 0.3540 -0.4875 0.7981
vn 0.3070 -0.7449 0.5923
vn 0.0646 -0.5766 0.8145
vn -0.0968 -0.7951 0.5987
vn -0.2369 -0.5877 0.7736
vn -0.4263 -0.6541 0.6248
vn -0.5026 -0.3850 0.7740
vn -0.6863 -0.3706 0.6258
vn -0.6306 -0.0993 0.7697
vn -0.7862 0.0352 0.6169
vn -0.5909 0.1927 0.7834
vn -0.6864 0.4318 0.5852
vn 0.1037 -0.6199 0.7778
vn -0.2371 -0.6082 0.7576
vn -0.4990 -0.4269 0.7542
vn -0.6496 -0.1631 0.7426
vn -0.6631 0.1112 0.7403
vn -0.5493 0.3529 0.7574
vn -0.3318 0.5667 0.7541
vn -0.0609 0.6526 0.7552
vn 0.2265 0.6069 0.7618
vn 0.4892 0.3918 0.7792
vn 0.6300 0.0895 0.7714
vn 0.6042 -0.2035 0.7704
vn 0.4256 -0.4628 0.7776
vn 0.1745 -0.6119 -0.7715
vn -0.1543 -0.6303 -0.7608
vn -0.3958 -0.5253 -0.7533
vn -0.5614 -0.3142 -0.7656
vn -0.6178 0.0195 -0.7861
vn -0.5142 0.3566 -0.7800
vn -0.2822 0.5771 -0.7663
vn 0.0322 0.6407 -0.7671
vn 0.3702 0.5289 -0.7637
vn 0.5984 0.3072 -0.7399
vn 0.6660 0.0552 -0.7440
vn 0.6272 -0.2188 -0.7475
vn 0.4687 -0.4596 -0.7544
vn -0.2484 -0.9450 -0.2127
vn 0.2325 -0.9580 -0.1678
vn 0.6279 -0.1691 -0.7597
vn -0.6495 -0.3618 -0.6688
vn -0.5672 -0.4604 -0.6828
vn -0.3175 -0.7067 -0.6323
vn -0.0020 -0.7474 -0.6644
vn 0.3112 0.4890 -0.8149
vn 0.6289 0.2680 -0.7298
vn 0.6821 0.0980 -0.7247
vn -0.0126 0.6757 -0.7370
vn 0.1485 -0.7443 -0.6512
vn -0.2939 0.4952 -0.8175
vn -0.5847 0.3039 -0.7522
vn -0.6228 0.1143 -0.7740
vn -0.5976 -0.1616 -0.7853
vn -0.2310 -0.9558 -0.1819
vn 0.2561 -0.9462 -0.1978
vn 0.6268 -0.4062 -0.6649
vn 0.4472 -0.6085 -0.6555
vn -0.1757 -0.6107 0.7721
vn -0.4665 -0.4633 0.7535
vn -0.6297 -0.2118 0.7474
vn -0.6494 0.0946 0.7545
vn -0.5402 0.3806 0.7505
vn -0.3326 0.5724 0.7495
vn -0.0527 0.6538 0.7549
vn 0.2497 0.5905 0.7675
vn 0.4995 0.3955 0.7708
vn 0.6174 0.1224 0.7771
vn 0.6191 -0.1717 0.7663
vn 0.4503 -0.4327 0.7811
vn 0.1711 -0.6170 0.7682
vn 0.1518 -0.6236 -0.7669
vn -0.1775 -0.6168 -0.7669
vn -0.4481 -0.4351 -0.7809
vn -0.6211 -0.1701 -0.7651
vn -0.6202 0.1201 -0.7752
vn -0.4926 0.4024 -0.7716
vn -0.2082 0.5938 -0.7772
vn 0.1610 0.6210 -0.7671
vn 0.4799 0.4219 -0.7692
vn 0.6435 0.1103 -0.7575
vn 0.6401 -0.1902 -0.7444
vn 0.4581 -0.4496 -0.7668
vn -0.3017 -0.5353 0.7889
vn 0.2490 -0.9462 0.2066
vn 0.6048 -0.4133 0.6808
vn 0.3987 -0.6276 0.6687
vn 0.1854 -0.7113 0.6780
vn 0.0080 -0.7697 0.6384
vn -0.3120 0.4879 0.8152
vn -0.6320 0.2414 0.7364
vn -0.6447 -0.0078 0.7644
vn -0.6088 -0.2916 0.7378
vn -0.3868 -0.6744 0.6289
vn -0.0605 -0.7482 0.6607
vn 0.2939 0.4952 0.8176
vn 0.0126 0.6757 0.7371
vn 0.5920 0.2904 0.7518
vn 0.6448 0.0798 0.7602
vn 0.6436 -0.0713 0.7621
vn 0.5695 -0.3148 0.7594
vn 0.2545 -0.5722 0.7796
vn -0.2469 -0.9519 0.1814
vn -0.6357 -0.4117 0.6530
vn -0.6645 -0.7413 0.0946
vn -0.5025 -0.8246 -0.2599
vn -0.6556 0.7481 0.1029
vn -0.5059 0.8214 -0.2635
vn -0.0811 0.8232 -0.5620
vn -0.1720 -0.8015 -0.5728
vn 0.3346 -0.8176 -0.4685
vn 0.4250 0.7967 -0.4297
vn 0.6344 0.7585 -0.1490
vn 0.5405 -0.8408 0.0307
vn 0.5029 0.8079 0.3074
vn 0.2087 -0.8177 0.5366
vn -0.4833 -0.7759 -0.4055
vn -0.1827 -0.7806 -0.5977
vn -0.4978 0.7969 -0.3424
vn -0.1726 0.7806 -0.6008
vn 0.4487 -0.7709 0.4521
vn -0.2958 -0.8588 0.4184
vn -0.3008 0.8543 0.4238
vn -0.6356 0.7675 0.0828
vn -0.6083 -0.7937 -0.0098
vn 0.2673 0.8370 0.4774
vn 0.3009 -0.8241 0.4800
vn -0.0165 0.7325 0.6806
vn -0.2732 -0.8352 0.4774
vn -0.3290 0.8343 0.4425
vn -0.4917 -0.8033 0.3361
vn -0.4944 0.7977 0.3453
vn -0.5953 0.7990 -0.0848
vn -0.6076 -0.7897 -0.0846
vn -0.2455 0.8486 -0.4687
vn -0.4362 -0.7882 -0.4341
vn 0.0526 -0.8163 -0.5753
vn 0.3997 0.8658 -0.3010
vn 0.4868 -0.8354 -0.2553
vn 0.5584 -0.7984 0.2253
vn -0.5463 -0.8062 0.2272
vn -0.4556 -0.8439 -0.2834
vn -0.5332 0.8139 0.2307
vn -0.4703 0.8365 -0.2813
vn -0.0432 0.8123 -0.5817
vn -0.0096 -0.8122 -0.5833
vn 0.4041 0.7913 -0.4588
vn 0.4245 -0.7888 -0.4445
vn 0.6202 -0.7746 -0.1236
vn 0.6036 0.7913 -0.0978
vn 0.5034 -0.8104 0.2998
vn 0.4889 0.8020 0.3432
vn 0.1400 -0.7946 0.5908
vn 0.2468 -0.7770 0.5791
vn -0.0998 -0.7852 0.6111
vn 0.5522 0.6605 0.5088
vn 0.3070 -0.6472 -0.6978
vn 0.2711 0.6569 -0.7036
vn 0.0392 0.6683 -0.7429
vn 0.0761 -0.6934 -0.7165
vn 0.0100 -0.6408 -0.7677
vn -0.0220 0.6653 -0.7463
vn -0.0544 -0.6828 -0.7286
vn -0.6083 -0.6490 -0.4569
vn -0.7014 0.6707 -0.2414
vn -0.7052 -0.6847 -0.1839
vn -0.7215 0.6884 -0.0740
vn -0.7199 -0.6907 -0.0684
vn -0.7091 -0.7050 -0.0117
vn -0.1867 0.9808 -0.0563
vn -0.9841 -0.1725 -0.0417
vn -0.2364 0.9193 0.3147
vn -0.9297 -0.0696 -0.3618
vn -0.3388 0.7592 0.5557
vn -0.7927 0.1437 -0.5924
vn -0.5039 0.4611 0.7304
vn -0.6326 0.4336 -0.6417
vn -0.7250 0.0606 0.6860
vn -0.4587 0.7127 -0.5307
vn -0.8957 -0.2402 0.3741
vn -0.3712 0.8958 -0.2446
vn -0.9453 -0.3248 -0.0296
vn -0.3579 0.9264 0.1174
vn -0.8711 -0.2144 -0.4419
vn -0.4260 0.8030 0.4168
vn -0.7032 0.0842 -0.7060
vn -0.5363 0.5918 0.6017
vn -0.6893 0.3540 0.6321
vn -0.5190 0.4055 -0.7525
vn -0.8357 0.0993 0.5401
vn -0.3584 0.6913 -0.6274
vn -0.9531 -0.0911 0.2885
vn -0.2609 0.8795 -0.3980
vn 0.3420 -0.9391 -0.0345
vn 0.4019 -0.8523 -0.3349
vn 0.5311 -0.6380 -0.5576
vn 0.6685 -0.3810 -0.6387
vn 0.8096 -0.1283 -0.5728
vn 0.9244 0.0699 -0.3749
vn 0.9763 0.1857 -0.1111
vn 0.9715 0.1490 0.1842
vn 0.8672 -0.0560 0.4949
vn 0.6644 -0.3882 0.6386
vn 0.4844 -0.6775 0.5535
vn 0.3851 -0.8751 0.2931
vn 0.9490 0.3107 0.0532
vn 0.9310 0.2648 -0.2514
vn 0.8459 0.1185 -0.5200
vn 0.7116 -0.1256 -0.6912
vn 0.5366 -0.4182 -0.7329
vn 0.3388 -0.7417 -0.5789
vn 0.2415 -0.9306 -0.2750
vn 0.1955 -0.9803 0.0281
vn 0.2323 -0.8956 0.3795
vn 0.3718 -0.6330 0.6790
vn 0.5816 -0.2933 0.7587
vn 0.7713 0.0511 0.6344
vn 0.9045 0.2576 0.3398
vn 0.2763 0.9525 -0.1278
vn 0.9428 -0.2549 0.2147
vn 0.2969 0.9398 0.1692
vn 0.9533 -0.2441 -0.1777
vn 0.3473 0.8627 -0.3676
vn 0.8442 -0.0994 0.5268
vn 0.4807 0.6730 -0.5622
vn 0.6873 0.1376 0.7132
vn 0.6264 0.4309 -0.6496
vn 0.5049 0.4237 0.7520
vn 0.7881 0.2010 -0.5818
vn 0.3147 0.7073 0.6330
vn 0.9151 -0.0114 -0.4030
vn 0.1971 0.9126 0.3583
vn 0.9807 -0.1204 -0.1540
vn 0.1538 0.9866 0.0543
vn 0.9844 -0.0994 0.1449
vn 0.1830 0.9358 -0.3013
vn 0.8880 0.0212 0.4593
vn 0.3281 0.7303 -0.5991
vn 0.7280 0.2811 0.6253
vn 0.4916 0.4952 -0.7163
vn 0.6295 0.2783 -0.7255
vn 0.5297 0.5643 0.6332
vn 0.7777 0.0511 -0.6266
vn 0.3852 0.8005 0.4592
vn 0.8872 -0.1150 -0.4468
vn -0.9940 0.1091 0.0115
vn -0.9440 0.0713 -0.3223
vn -0.8426 -0.0632 -0.5348
vn -0.7050 -0.2952 -0.6448
vn -0.5343 -0.5499 -0.6420
vn -0.3932 -0.7709 -0.5011
vn -0.3113 -0.9204 -0.2364
vn -0.2734 -0.9615 0.0265
vn -0.3164 -0.9028 0.2912
vn -0.4172 -0.7568 0.5032
vn -0.5340 -0.5667 0.6275
vn -0.6765 -0.3561 0.6446
vn -0.8085 -0.1450 0.5704
vn -0.9336 0.0221 0.3575
vn -0.1569 -0.9864 -0.0492
vn -0.1954 -0.9213 -0.3362
vn -0.2908 -0.7632 -0.5771
vn -0.4565 -0.4828 -0.7474
vn -0.6755 -0.1526 -0.7214
vn -0.8582 0.1230 -0.4983
vn -0.9524 0.2378 -0.1907
vn -0.9597 0.2566 0.1148
vn -0.8877 0.1366 0.4398
vn -0.7489 -0.0895 0.6567
vn -0.5766 -0.3495 0.7385
vn -0.4202 -0.6024 0.6787
vn -0.2682 -0.8108 0.5203
vn -0.1806 -0.9500 0.2546
vn -0.9744 0.1608 0.1574
vn -0.1989 -0.9503 -0.2393
vn -0.9719 0.1597 -0.1729
vn -0.2106 -0.9589 0.1899
vn -0.8882 -0.0387 0.4578
vn -0.3291 -0.7172 -0.6143
vn -0.5082 -0.4180 -0.7530
vn -0.7052 -0.3533 0.6148
vn -0.6886 -0.0983 -0.7185
vn -0.5248 -0.6890 0.4998
vn -0.8559 0.1766 -0.4860
vn -0.3827 -0.9037 0.1920
vn -0.9388 0.3065 -0.1571
vn -0.9390 0.2920 0.1815
vn -0.3314 -0.9341 -0.1325
vn -0.4082 -0.8204 -0.4003
vn -0.8521 0.1494 0.5017
vn -0.5792 -0.5483 -0.6032
vn -0.7127 -0.1131 0.6923
vn -0.5678 -0.3725 0.7340
vn -0.7442 -0.2209 -0.6304
vn -0.4306 -0.6134 0.6620
vn -0.8866 0.0154 -0.4623
vn -0.3039 -0.8245 0.4773
vn 0.3551 0.9347 -0.0177
vn 0.3802 0.8614 0.3368
vn 0.4863 0.6582 0.5747
vn 0.6553 0.3925 0.6454
vn 0.8525 0.0884 0.5152
vn 0.9650 -0.1303 0.2277
vn 0.9804 -0.1681 -0.1025
vn 0.9154 -0.0230 -0.4019
vn 0.7701 0.2179 -0.5995
vn 0.5997 0.5475 -0.5836
vn 0.4220 0.8263 -0.3731
vn 0.9495 -0.3058 -0.0701
vn 0.9222 -0.2871 0.2590
vn 0.7905 -0.0835 0.6067
vn 0.5959 0.2639 0.7584
vn 0.4302 0.5598 0.7082
vn 0.2947 0.7954 0.5297
vn 0.2184 0.9442 0.2464
vn 0.2033 0.9758 -0.0802
vn 0.2670 0.8781 -0.3971
vn 0.4048 0.6220 -0.6702
vn 0.6199 0.2605 -0.7402
vn 0.7917 -0.0340 -0.6100
vn 0.9038 -0.2185 -0.3680
vn 0.3119 -0.9442 -0.1061
vn 0.9615 0.2520 -0.1095
vn 0.9433 0.2389 0.2306
vn 0.2854 -0.9391 0.1915
vn 0.8854 0.1388 -0.4437
vn 0.3566 -0.8247 0.4389
vn 0.5010 -0.6144 0.6096
vn 0.7594 -0.0831 -0.6452
vn 0.6097 -0.3078 -0.7304
vn 0.6641 -0.3504 0.6605
vn 0.4000 -0.6048 -0.6887
vn 0.8117 -0.1197 0.5717
vn 0.2262 -0.8669 -0.4441
vn 0.9152 0.0459 0.4004
vn 0.9843 0.1223 0.1271
vn 0.1408 -0.9877 -0.0682
vn 0.9775 0.1098 -0.1801
vn 0.1767 -0.9351 0.3072
vn 0.8999 -0.0184 -0.4358
vn 0.2852 -0.7472 0.6003
vn 0.7786 -0.2130 -0.5902
vn 0.4597 -0.4951 0.7373
vn 0.6238 -0.4449 -0.6426
vn 0.6397 -0.1988 0.7425
vn 0.4698 -0.6760 -0.5677
vn 0.8307 0.0809 0.5508
vn 0.3528 -0.8479 -0.3956
vn -0.9873 -0.1149 -0.1097
vn -0.9724 -0.0719 0.2220
vn -0.8659 0.0615 0.4964
vn -0.7278 0.2950 0.6191
vn -0.5573 0.5459 0.6256
vn -0.4168 0.7513 0.5116
vn -0.3330 0.9081 0.2539
vn -0.2882 0.9536 -0.0876
vn -0.3754 0.8332 -0.4060
vn -0.5135 0.5997 -0.6138
vn -0.7162 0.3059 -0.6272
vn -0.9040 0.0235 -0.4269
vn -0.1572 0.9866 0.0443
vn -0.2093 0.9120 0.3527
vn -0.3185 0.7637 0.5615
vn -0.4411 0.5450 0.7130
vn -0.6453 0.2404 0.7251
vn -0.8223 -0.0503 0.5668
vn -0.9423 -0.2359 0.2375
vn -0.9542 -0.2626 -0.1435
vn -0.8671 -0.1420 -0.4774
vn -0.7289 0.0781 -0.6801
vn -0.5513 0.3507 -0.7570
vn -0.4033 0.5972 -0.6934
vn -0.2780 0.7880 -0.5493
vn -0.1755 0.9433 -0.2816
s 1
f 26//1 25//2 1//3
f 26//1 1//3 2//4
f 2//4 1//3 3//5
f 3//5 1//3 4//6
f 3//5 4//6 5//7
f 5//7 4//6 6//8
f 5//7 6//8 7//9
f 7//9 6//8 8//10
f 7//9 8//10 9//11
f 9//11 8//10 10//12
f 9//11 10//12 11//13
f 11//13 10//12 12//14
f 12//14 10//12 13//15
f 12//14 13//15 14//16
f 14//16 13//15 15//17
f 14//16 15//17 16//18
f 16//18 15//17 17//19
f 16//18 17//19 18//20
f 16//18 18//20 19//21
f 19//21 18//20 20//22
f 19//21 20//22 21//23
f 21//23 20//22 22//24
f 22//24 20//22 23//25
f 22//24 23//25 24//26
f 24//26 23//25 25//2
f 24//26 25//2 26//1
f 50//27 27//28 28//29
f 28//29 27//28 29//30
f 28//29 29//30 30//31
f 30//31 29//30 31//32
f 31//32 29//30 32//33
f 31//32 32//33 33//34
f 33//34 32//33 34//35
f 33//34 34//35 35//36
f 35//36 34//35 36//37
f 35//36 36//37 37//38
f 37//38 36//37 38//39
f 37//38 38//39 39//40
f 39//40 38//39 40//41
f 39//40 40//41 41//42
f 41//42 40//41 42//43
f 41//42 42//43 43//44
f 43//44 42//43 44//45
f 43//44 44//45 45//46
f 45//46 44//45 46//47
f 45//46 46//47 47//48
f 45//46 47//48 48//49
f 48//49 47//48 49//50
f 48//49 49//50 50//27
f 50//27 49//50 27//28
f 51//51 52//52 53//53
f 53//53 52//52 54//54
f 53//53 54//54 55//55
f 55//55 54//54 56//56
f 55//55 56//56 57//57
f 57//57 56//56 58//58
f 57//57 58//58 59//59
f 59//59 58//58 60//60
f 59//59 60//60 61//61
f 61//61 60//60 62//62
f 61//61 62//62 63//63
f 63//63 62//62 64//64
f 63//63 64//64 65//65
f 65//65 64//64 66//66
f 65//65 66//66 67//67
f 67//67 66//66 68//68
f 68//68 66//66 69//69
f 68//68 69//69 70//70
f 70//70 69//69 71//71
f 70//70 71//71 72//72
f 70//70 72//72 73//73
f 73//73 72//72 74//74
f 73//73 74//74 75//75
f 75//75 74//74 76//76
f 75//75 76//76 51//51
f 51//51 76//76 52//52
f 102//77 101//78 77//79
f 77//79 101//78 78//80
f 77//79 78//80 79//81
f 79//81 78//80 80//82
f 79//81 80//82 81//83
f 81//83 80//82 82//84
f 81//83 82//84 83//85
f 83//85 82//84 84//86
f 83//85 84//86 85//87
f 85//87 84//86 86//88
f 85//87 86//88 87//89
f 87//89 86//88 88//90
f 87//89 88//90 89//91
f 89//91 88//90 90//92
f 89//91 90//92 91//93
f 91//93 90//92 92//94
f 91//93 92//94 93//95
f 93//95 92//94 94//96
f 93//95 94//96 95//97
f 95//97 94//96 96//98
f 95//97 96//98 97//99
f 97//99 96//98 98//100
f 97//99 98//100 99//101
f 99//101 98//100 100//102
f 99//101 100//102 101//78
f 99//101 101//78 102//77
f 103//103 101//78 100//102
f 101//78 103//103 104//104
f 101//78 104//104 78//80
f 78//80 104//104 105//105
f 78//80 105//105 80//82
f 80//82 105//105 106//106
f 80//82 106//106 82//84
f 82//84 106//106 107//107
f 82//84 107//107 84//86
f 84//86 107//107 108//108
f 84//86 108//108 86//88
f 86//88 108//108 109//109
f 86//88 109//109 88//90
f 88//90 109//109 110//110
f 88//90 110//110 90//92
f 90//92 110//110 111//111
f 90//92 111//111 92//94
f 92//94 111//111 112//112
f 92//94 112//112 113//113
f 92//94 113//113 94//96
f 94//96 113//113 114//114
f 94//96 114//114 96//98
f 96//98 114//114 115//115
f 96//98 115//115 98//100
f 98//100 115//115 100//102
f 100//102 115//115 103//103
f 103//103 116//116 117//117
f 103//103 117//117 104//104
f 104//104 117//117 118//118
f 104//104 118//118 105//105
f 105//105 118//118 106//106
f 106//106 118//118 119//119
f 106//106 119//119 107//107
f 107//107 119//119 120//120
f 107//107 120//120 121//121
f 107//107 121//121 108//108
f 108//108 121//121 109//109
f 109//109 121//121 122//122
f 109//109 122//122 110//110
f 110//110 122//122 123//123
f 110//110 123//123 111//111
f 111//111 123//123 124//124
f 111//111 124//124 112//112
f 112//112 124//124 125//125
f 112//112 125//125 113//113
f 113//113 125//125 126//126
f 113//113 126//126 114//114
f 114//114 126//126 127//127
f 114//114 127//127 115//115
f 115//115 127//127 128//128
f 115//115 128//128 103//103
f 103//103 128//128 116//116
f 52//52 116//116 128//128
f 52//52 128//128 54//54
f 54//54 128//128 127//127
f 54//54 127//127 56//56
f 56//56 127//127 126//126
f 56//56 126//126 58//58
f 58//58 126//126 125//125
f 58//58 125//125 60//60
f 60//60 125//125 62//62
f 62//62 125//125 124//124
f 62//62 124//124 64//64
f 64//64 124//124 123//123
f 64//64 123//123 122//122
f 64//64 122//122 66//66
f 66//66 122//122 121//121
f 66//66 121//121 69//69
f 69//69 121//121 120//120
f 69//69 120//120 71//71
f 71//71 120//120 119//119
f 71//71 119//119 72//72
f 72//72 119//119 118//118
f 72//72 118//118 74//74
f 74//74 118//118 117//117
f 74//74 117//117 76//76
f 76//76 117//117 116//116
f 76//76 116//116 52//52
f 28//29 129//129 50//27
f 50//27 129//129 130//130
f 50//27 130//130 131//131
f 50//27 131//131 48//49
f 48//49 131//131 45//46
f 45//46 131//131 132//132
f 45//46 132//132 43//44
f 43//44 132//132 41//42
f 41//42 132//132 133//133
f 41//42 133//133 39//40
f 129//129 28//29 134//134
f 134//134 28//29 30//31
f 134//134 30//31 31//32
f 134//134 31//32 135//135
f 135//135 31//32 33//34
f 135//135 33//34 136//136
f 136//136 33//34 35//36
f 136//136 35//36 37//38
f 136//136 37//38 137//137
f 137//137 37//38 138//138
f 138//138 37//38 39//40
f 138//138 39//40 133//133
f 137//137 138//138 139//139
f 139//139 138//138 140//140
f 139//139 140//140 141//141
f 141//141 140//140 150//142
f 150//142 140//140 65//65
f 65//65 140//140 142//143
f 65//65 142//143 143//144
f 65//65 143//144 63//63
f 63//63 143//144 61//61
f 61//61 143//144 144//145
f 61//61 144//145 59//59
f 59//59 144//145 57//57
f 57//57 144//145 145//146
f 57//57 145//146 55//55
f 55//55 145//146 53//53
f 53//53 145//146 51//51
f 51//51 145//146 146//147
f 51//51 146//147 75//75
f 75//75 146//147 147//148
f 75//75 147//148 73//73
f 73//73 147//148 148//149
f 73//73 148//149 70//70
f 70//70 148//149 149//150
f 70//70 149//150 68//68
f 68//68 149//150 150//142
f 68//68 150//142 67//67
f 67//67 150//142 65//65
f 151//151 25//2 23//25
f 25//2 151//151 152//152
f 25//2 152//152 1//3
f 1//3 152//152 153//153
f 1//3 153//153 154//154
f 1//3 154//154 4//6
f 4//6 154//154 155//155
f 4//6 155//155 6//8
f 6//8 155//155 156//156
f 6//8 156//156 157//157
f 6//8 157//157 8//10
f 8//10 157//157 158//158
f 8//10 158//158 10//12
f 10//12 158//158 159//159
f 10//12 159//159 13//15
f 13//15 159//159 160//160
f 13//15 160//160 15//17
f 15//17 160//160 161//161
f 15//17 161//161 17//19
f 17//19 161//161 162//162
f 17//19 162//162 18//20
f 18//20 162//162 163//163
f 18//20 163//163 20//22
f 20//22 163//163 164//164
f 20//22 164//164 23//25
f 23//25 164//164 151//151
f 151//151 165//165 152//152
f 152//152 165//165 166//166
f 152//152 166//166 167//167
f 152//152 167//167 153//153
f 153//153 167//167 154//154
f 154//154 167//167 168//168
f 154//154 168//168 155//155
f 155//155 168//168 169//169
f 155//155 169//169 156//156
f 156//156 169//169 157//157
f 157//157 169//169 170//170
f 157//157 170//170 158//158
f 158//158 170//170 171//171
f 158//158 171//171 159//159
f 159//159 171//171 160//160
f 160//160 171//171 172//172
f 160//160 172//172 161//161
f 161//161 172//172 173//173
f 161//161 173//173 162//162
f 162//162 173//173 174//174
f 162//162 174//174 163//163
f 163//163 174//174 175//175
f 163//163 175//175 164//164
f 164//164 175//175 176//176
f 164//164 176//176 151//151
f 151//151 176//176 165//165
f 27//28 165//165 176//176
f 27//28 176//176 29//30
f 29//30 176//176 175//175
f 29//30 175//175 32//33
f 32//33 175//175 174//174
f 32//33 174//174 173//173
f 32//33 173//173 34//35
f 34//35 173//173 36//37
f 36//37 173//173 172//172
f 36//37 172//172 38//39
f 38//39 172//172 171//171
f 38//39 171//171 40//41
f 40//41 171//171 170//170
f 40//41 170//170 42//43
f 42//43 170//170 44//45
f 44//45 170//170 169//169
f 44//45 169//169 46//47
f 46//47 169//169 168//168
f 46//47 168//168 47//48
f 47//48 168//168 167//167
f 47//48 167//167 49//50
f 49//50 167//167 166//166
f 49//50 166//166 165//165
f 49//50 165//165 27//28
f 102//77 77//79 177//177
f 177//177 77//79 178//178
f 178//178 77//79 79//81
f 178//178 79//81 179//179
f 179//179 79//81 81//83
f 179//179 81//83 83//85
f 179//179 83//85 180//180
f 180//180 83//85 181//181
f 181//181 83//85 85//87
f 181//181 85//87 87//89
f 87//89 182//182 181//181
f 182//182 87//89 89//91
f 182//182 89//91 183//183
f 183//183 89//91 91//93
f 183//183 91//93 93//95
f 183//183 93//95 184//184
f 184//184 93//95 95//97
f 184//184 95//97 97//99
f 184//184 97//99 99//101
f 184//184 99//101 177//177
f 177//177 99//101 102//77
f 186//185 9//11 185//186
f 186//185 7//9 9//11
f 186//185 5//7 7//9
f 187//187 3//5 186//185
f 186//185 3//5 5//7
f 188//188 26//1 187//187
f 187//187 26//1 2//4
f 189//189 24//26 188//188
f 190//190 21//23 189//189
f 189//189 21//23 22//24
f 21//23 190//190 19//21
f 19//21 190//190 16//18
f 16//18 190//190 191//191
f 16//18 191//191 14//16
f 14//16 191//191 192//192
f 14//16 192//192 12//14
f 12//14 192//192 193//193
f 12//14 193//193 194//194
f 194//194 193//193 195//195
f 194//194 195//195 196//196
f 196//196 195//195 181//181
f 196//196 181//181 182//182
f 194//194 11//13 12//14
f 185//186 11//13 194//194
f 2//4 3//5 187//187
f 9//11 11//13 185//186
f 189//189 22//24 24//26
f 24//26 26//1 188//188
f 182//182 142//143 140//140
f 182//182 140//140 196//196
f 196//196 140//140 194//194
f 194//194 140//140 138//138
f 194//194 138//138 185//186
f 185//186 138//138 133//133
f 183//183 144//145 143//144
f 183//183 143//144 182//182
f 182//182 143//144 142//143
f 145//146 144//145 184//184
f 184//184 144//145 183//183
f 178//178 148//149 147//148
f 178//178 147//148 177//177
f 177//177 147//148 146//147
f 181//181 150//142 149//150
f 181//181 149//150 180//180
f 180//180 149//150 179//179
f 179//179 149//150 148//149
f 179//179 148//149 178//178
f 181//181 141//141 150//142
f 193//193 137//137 195//195
f 195//195 137//137 139//139
f 195//195 139//139 141//141
f 195//195 141//141 181//181
f 190//190 135//135 191//191
f 191//191 135//135 136//136
f 191//191 136//136 192//192
f 192//192 136//136 193//193
f 193//193 136//136 137//137
f 189//189 129//129 134//134
f 189//189 134//134 190//190
f 190//190 134//134 135//135
f 185//186 133//133 186//185
f 186//185 133//133 132//132
f 186//185 132//132 187//187
f 187//187 132//132 131//131
f 187//187 131//131 188//188
f 188//188 131//131 130//130
f 203//197 197//198 204//199
f 204//199 197//198 198//200
f 199//201 200//202 201//203
f 199//201 201//203 202//204
f 202//204 201//203 203//197
f 202//204 203//197 204//199
f 210//205 211//206 205//207
f 205//207 211//206 206//208
f 205//207 206//208 199//201
f 199//201 206//208 200//202
f 207//209 208//210 209//211
f 207//209 209//211 210//205
f 210//205 209//211 211//206
f 214//212 213//213 208//210
f 214//212 208//210 207//209
f 212//214 213//213 214//212
f 198//200 197//198 212//214
f 212//214 197//198 213//213
f 218//215 215//216 217//217
f 217//217 215//216 216//218
f 224//219 218//215 223//220
f 223//220 218//215 217//217
f 219//221 220//222 221//223
f 221//223 220//222 222//224
f 221//223 222//224 223//220
f 223//220 222//224 224//219
f 230//225 229//226 225//227
f 230//225 225//227 219//221
f 219//221 225//227 220//222
f 226//228 227//229 228//230
f 228//230 227//229 229//226
f 228//230 229//226 230//225
f 232//231 227//229 231//232
f 231//232 227//229 226//228
f 234//233 215//216 233//234
f 234//233 233//234 231//232
f 231//232 233//234 232//231
f 216//218 215//216 234//233
f 238//235 235//236 237//237
f 237//237 235//236 236//238
f 241//239 238//235 242//240
f 242//240 238//235 237//237
f 239//241 240//242 241//239
f 239//241 241//239 242//240
f 245//243 244//244 239//241
f 239//241 244//244 240//242
f 243//245 244//244 245//243
f 249//246 250//247 246//248
f 246//248 250//247 247//249
f 246//248 247//249 248//250
f 246//248 248//250 243//245
f 243//245 248//250 244//244
f 252//251 253//252 177//177
f 252//251 177//177 251//253
f 251//253 177//177 189//189
f 251//253 189//189 250//247
f 251//253 250//247 249//246
f 256//254 257//255 254//256
f 254//256 257//255 255//257
f 254//256 255//257 253//252
f 254//256 253//252 252//251
f 236//238 235//236 256//254
f 256//254 235//236 257//255
f 263//258 258//259 262//260
f 262//260 258//259 259//261
f 260//262 261//263 262//260
f 262//260 261//263 263//258
f 268//264 267//265 261//263
f 268//264 261//263 260//262
f 264//266 265//267 266//268
f 266//268 265//267 267//265
f 266//268 267//265 268//264
f 272//269 265//267 271//270
f 271//270 265//267 264//266
f 259//261 258//259 269//271
f 269//271 258//259 270//272
f 269//271 270//272 271//270
f 271//270 270//272 272//269
f 278//273 273//274 277//275
f 277//275 273//274 274//276
f 275//277 276//278 277//275
f 277//275 276//278 278//273
f 281//279 280//280 275//277
f 275//277 280//280 276//278
f 279//281 280//280 281//279
f 285//282 284//283 282//284
f 285//282 282//284 279//281
f 279//281 282//284 280//280
f 283//285 284//283 285//282
f 290//286 284//283 289//287
f 289//287 284//283 283//285
f 286//288 287//289 288//290
f 286//288 288//290 289//287
f 289//287 288//290 290//286
f 295//291 296//292 291//293
f 295//291 291//293 292//294
f 292//294 291//293 287//289
f 292//294 287//289 286//288
f 274//276 273//274 293//295
f 274//276 293//295 294//296
f 294//296 293//295 295//291
f 295//291 293//295 296//292
f 302//297 297//298 301//299
f 301//299 297//298 298//300
f 299//301 300//302 301//299
f 301//299 300//302 302//297
f 305//303 306//304 300//302
f 305//303 300//302 299//301
f 303//305 304//306 305//303
f 305//303 304//306 306//304
f 310//307 304//306 309//308
f 309//308 304//306 303//305
f 298//300 297//298 307//309
f 307//309 297//298 308//310
f 307//309 308//310 309//308
f 309//308 308//310 310//307
f 318//311 319//312 311//313
f 318//311 311//313 312//314
f 312//314 311//313 313//315
f 314//316 315//317 316//318
f 316//318 315//317 317//319
f 316//318 317//319 318//311
f 318//311 317//319 319//312
f 322//320 315//317 323//321
f 323//321 315//317 314//316
f 320//322 321//323 322//320
f 320//322 322//320 323//321
f 324//324 326//325 321//323
f 324//324 321//323 320//322
f 312//314 313//315 325//326
f 325//326 313//315 326//325
f 325//326 326//325 324//324
f 330//327 327//328 329//329
f 329//329 327//328 328//330
f 334//331 330//327 333//332
f 333//332 330//327 329//329
f 331//333 332//334 333//332
f 333//332 332//334 334//331
f 335//335 332//334 336//336
f 336//336 332//334 331//333
f 338//337 335//335 337//338
f 337//338 335//335 336//336
f 343//339 342//340 339//341
f 343//339 339//341 337//338
f 337//338 339//341 338//337
f 340//342 341//343 342//340
f 340//342 342//340 343//339
f 344//344 345//345 346//346
f 346//346 345//345 347//347
f 346//346 347//347 348//348
f 348//348 347//347 349//349
f 348//348 349//349 350//350
f 350//350 349//349 351//351
f 350//350 351//351 340//342
f 340//342 351//351 341//343
f 352//352 353//353 344//344
f 344//344 353//353 345//345
f 355//354 356//355 354//356
f 355//354 354//356 352//352
f 352//352 354//356 353//353
f 357//357 356//355 358//358
f 358//358 356//355 355//354
f 362//359 357//357 361//360
f 361//360 357//357 358//358
f 359//361 360//362 361//360
f 361//360 360//362 362//359
f 328//330 327//328 363//363
f 363//363 327//328 364//364
f 363//363 364//364 359//361
f 359//361 364//364 360//362
f 184//184 177//177 253//252
f 145//146 351//351 146//147
f 184//184 339//341 145//146
f 130//130 356//355 188//188
f 129//129 347//347 130//130
f 130//130 347//347 354//356
f 354//356 347//347 353//353
f 353//353 347//347 345//345
f 129//129 189//189 349//349
f 349//349 189//189 177//177
f 349//349 177//177 146//147
f 188//188 250//247 189//189
f 321//323 326//325 188//188
f 188//188 326//325 250//247
f 250//247 326//325 247//249
f 247//249 326//325 313//315
f 247//249 313//315 311//313
f 247//249 311//313 248//250
f 248//250 311//313 319//312
f 248//250 319//312 244//244
f 244//244 319//312 317//319
f 244//244 317//319 357//357
f 244//244 357//357 270//272
f 244//244 270//272 258//259
f 357//357 317//319 315//317
f 315//317 322//320 357//357
f 357//357 322//320 356//355
f 356//355 322//320 188//188
f 322//320 321//323 188//188
f 304//306 310//307 238//235
f 238//235 310//307 235//236
f 235//236 310//307 335//335
f 235//236 335//335 257//255
f 257//255 335//335 201//203
f 201//203 335//335 203//197
f 203//197 335//335 197//198
f 197//198 335//335 338//337
f 310//307 308//310 335//335
f 308//310 297//298 335//335
f 335//335 297//298 332//334
f 332//334 297//298 302//297
f 332//334 302//297 334//331
f 334//331 302//297 300//302
f 334//331 300//302 215//216
f 215//216 300//302 233//234
f 233//234 300//302 232//231
f 232//231 300//302 306//304
f 232//231 306//304 304//306
f 232//231 304//306 238//235
f 296//292 220//222 291//293
f 291//293 220//222 225//227
f 291//293 225//227 287//289
f 287//289 225//227 229//226
f 287//289 229//226 288//290
f 288//290 229//226 290//286
f 290//286 229//226 227//229
f 290//286 227//229 241//239
f 241//239 227//229 238//235
f 238//235 227//229 232//231
f 220//222 296//292 222//224
f 222//224 296//292 293//295
f 222//224 293//295 224//219
f 224//219 293//295 273//274
f 224//219 273//274 330//327
f 330//327 273//274 327//328
f 327//328 273//274 278//273
f 276//278 327//328 278//273
f 327//328 276//278 364//364
f 364//364 276//278 280//280
f 364//364 280//280 360//362
f 360//362 280//280 267//265
f 267//265 280//280 282//284
f 267//265 282//284 261//263
f 261//263 282//284 284//283
f 261//263 284//283 263//258
f 263//258 284//283 240//242
f 240//242 284//283 241//239
f 241//239 284//283 290//286
f 272//269 357//357 362//359
f 272//269 362//359 265//267
f 357//357 272//269 270//272
f 244//244 258//259 263//258
f 244//244 263//258 240//242
f 360//362 267//265 265//267
f 265//267 362//359 360//362
f 184//184 253//252 208//210
f 208//210 253//252 209//211
f 209//211 253//252 211//206
f 211//206 253//252 206//208
f 206//208 253//252 255//257
f 206//208 255//257 257//255
f 206//208 257//255 200//202
f 200//202 257//255 201//203
f 334//331 215//216 330//327
f 330//327 215//216 218//215
f 330//327 218//215 224//219
f 338//337 213//213 197//198
f 184//184 208//210 213//213
f 184//184 213//213 338//337
f 184//184 338//337 339//341
f 145//146 339//341 351//351
f 351//351 339//341 342//340
f 351//351 342//340 341//343
f 351//351 349//349 146//147
f 349//349 347//347 129//129
f 354//356 356//355 130//130
f 312//314 325//326 246//248
f 246//248 325//326 249//246
f 249//246 325//326 324//324
f 249//246 324//324 346//346
f 346//346 324//324 352//352
f 352//352 324//324 355//354
f 355//354 324//324 320//322
f 355//354 320//322 323//321
f 355//354 323//321 358//358
f 358//358 323//321 314//316
f 314//316 316//318 358//358
f 316//318 243//245 245//243
f 316//318 245//243 358//358
f 243//245 316//318 318//311
f 243//245 318//311 246//248
f 246//248 318//311 312//314
f 298//300 336//336 331//333
f 298//300 331//333 301//299
f 336//336 298//300 307//309
f 336//336 307//309 309//308
f 336//336 309//308 236//238
f 236//238 309//308 237//237
f 237//237 309//308 303//305
f 237//237 303//305 231//232
f 237//237 231//232 226//228
f 231//232 303//305 305//303
f 231//232 305//303 234//233
f 234//233 305//303 299//301
f 234//233 299//301 333//332
f 333//332 299//301 301//299
f 277//275 274//276 328//330
f 328//330 274//276 329//329
f 329//329 274//276 223//220
f 223//220 274//276 221//223
f 221//223 274//276 294//296
f 221//223 294//296 219//221
f 219//221 294//296 295//291
f 219//221 295//291 292//294
f 219//221 292//294 230//225
f 230//225 292//294 286//288
f 230//225 286//288 228//230
f 228//230 286//288 226//228
f 226//228 286//288 289//287
f 226//228 289//287 242//240
f 289//287 283//285 242//240
f 242//240 283//285 239//241
f 239//241 283//285 262//260
f 239//241 262//260 245//243
f 245//243 262//260 259//261
f 262//260 283//285 260//262
f 260//262 283//285 285//282
f 260//262 285//282 268//264
f 268//264 285//282 279//281
f 268//264 279//281 266//268
f 266//268 279//281 359//361
f 359//361 279//281 281//279
f 359//361 281//279 363//363
f 363//363 281//279 275//277
f 363//363 275//277 328//330
f 328//330 275//277 277//275
f 245//243 259//261 269//271
f 245//243 269//271 358//358
f 358//358 269//271 271//270
f 358//358 271//270 361//360
f 361//360 271//270 264//266
f 361//360 264//266 359//361
f 359//361 264//266 266//268
f 336//336 236//238 256//254
f 336//336 256//254 202//204
f 202//204 256//254 199//201
f 199//201 256//254 205//207
f 205//207 256//254 254//256
f 205//207 254//256 210//205
f 210//205 254//256 252//251
f 210//205 252//251 207//209
f 207//209 252//251 350//350
f 350//350 252//251 251//253
f 350//350 251//253 348//348
f 348//348 251//253 346//346
f 346//346 251//253 249//246
f 226//228 242//240 237//237
f 216//218 333//332 329//329
f 216//218 329//329 217//217
f 333//332 216//218 234//233
f 223//220 217//217 329//329
f 198//200 337//338 336//336
f 198//200 336//336 204//199
f 204//199 336//336 202//204
f 337//338 198//200 212//214
f 337//338 212//214 214//212
f 337//338 214//212 343//339
f 343//339 214//212 207//209
f 207//209 350//350 343//339
f 346//346 352//352 344//344
f 343//339 350//350 340//342
f 301//299 331//333 333//332
f 369//365 368//366 370//367
f 366//368 372//369 371//370
f 366//368 365//371 372//369
f 367//372 366//368 371//370
f 370//367 367//372 371//370
f 368//366 367//372 370//367
f 372//369 374//373 371//370
f 371//370 375//374 370//367
f 369//365 370//367 376//375
f 373//376 374//373 372//369
f 371//370 374//373 375//374
f 375//374 376//375 370//367
f 373//376 377//377 374//373
f 378//378 376//375 379//379
f 379//379 375//374 380//380
f 374//373 377//377 380//380
f 375//374 374//373 380//380
f 376//375 375//374 379//379
f 367//372 380//380 366//368
f 368//366 378//378 379//379
f 368//366 379//379 367//372
f 367//372 379//379 380//380
f 366//368 380//380 365//371
f 365//371 380//380 377//377
f 378//378 368//366 381//381
f 381//381 368//366 388//382
f 368//366 369//365 388//382
f 388//382 369//365 382//383
f 365//371 377//377 372//369
f 372//369 377//377 373//376
f 383//384 384//385 385//386
f 385//386 389//387 386//388
f 388//382 386//388 381//381
f 385//386 384//385 389//387
f 386//388 389//387 387//389
f 387//389 381//381 386//388
f 390//390 381//381 391//391
f 391//391 381//381 387//389
f 391//391 387//389 389//387
f 393//392 389//387 384//385
f 392//393 391//391 389//387
f 393//392 392//393 389//387
f 382//383 391//391 394//394
f 395//395 394//394 391//391
f 395//395 392//393 396//396
f 382//383 390//390 391//391
f 391//391 392//393 395//395
f 392//393 393//392 396//396
f 388//382 382//383 386//388
f 386//388 382//383 394//394
f 386//388 394//394 395//395
f 383//384 395//395 396//396
f 385//386 386//388 395//395
f 383//384 385//386 395//395
f 384//385 383//384 393//392
f 393//392 383//384 396//396
f 376//375 378//378 390//390
f 390//390 378//378 381//381
f 369//365 376//375 382//383
f 382//383 376//375 390//390
f 397//397 398//398 399//399
f 399//399 398//398 400//400
f 401//401 402//402 397//397
f 401//401 397//397 399//399
f 405//403 406//404 403//405
f 403//405 406//404 404//406
f 403//405 404//406 401//401
f 401//401 404//406 402//402
f 411//407 412//408 407//409
f 407//409 412//408 408//410
f 407//409 408//410 409//411
f 407//409 409//411 410//412
f 410//412 409//411 405//403
f 405//403 409//411 406//404
f 416//413 417//414 413//415
f 416//413 413//415 414//416
f 414//416 413//415 415//417
f 414//416 415//417 411//407
f 411//407 415//417 412//408
f 418//418 419//419 417//414
f 418//418 417//414 416//413
f 420//420 419//419 421//421
f 421//421 419//419 418//418
f 422//422 423//423 421//421
f 421//421 423//423 420//420
f 426//424 427//425 424//426
f 424//426 427//425 425//427
f 424//426 425//427 422//422
f 422//422 425//427 423//423
f 432//428 433//429 428//430
f 428//430 433//429 429//431
f 428//430 429//431 426//424
f 426//424 429//431 427//425
f 430//432 431//433 432//428
f 432//428 431//433 433//429
f 434//434 431//433 435//435
f 435//435 431//433 430//432
f 436//436 437//437 434//434
f 436//436 434//434 435//435
f 440//438 441//439 438//440
f 440//438 438//440 439//441
f 439//441 438//440 437//437
f 439//441 437//437 436//436
f 446//442 447//443 442//444
f 442//444 447//443 443//445
f 442//444 443//445 444//446
f 444//446 443//445 445//447
f 444//446 445//447 440//438
f 440//438 445//447 441//439
f 450//448 451//449 448//450
f 448//450 451//449 449//451
f 448//450 449//451 446//442
f 446//442 449//451 447//443
f 452//452 453//453 451//449
f 452//452 451//449 450//448
f 454//454 453//453 455//455
f 455//455 453//453 452//452
f 456//456 457//457 454//454
f 456//456 454//454 455//455
f 460//458 461//459 458//460
f 458//460 461//459 459//461
f 458//460 459//461 456//456
f 456//456 459//461 457//457
f 465//462 464//463 462//464
f 462//464 464//463 463//465
f 462//464 463//465 460//458
f 460//458 463//465 461//459
f 400//400 398//398 464//463
f 400//400 464//463 465//462
f 463//465 464//463 402//402
f 402//402 464//463 398//398
f 402//402 398//398 397//397
f 402//402 404//406 463//465
f 463//465 404//406 461//459
f 461//459 404//406 406//404
f 461//459 406//404 447//443
f 447//443 406//404 443//445
f 443//445 406//404 409//411
f 443//445 409//411 445//447
f 445//447 409//411 408//410
f 445//447 408//410 441//439
f 441//439 408//410 412//408
f 441//439 412//408 427//425
f 427//425 412//408 415//417
f 427//425 415//417 425//427
f 425//427 415//417 423//423
f 423//423 415//417 413//415
f 423//423 413//415 417//414
f 423//423 417//414 420//420
f 420//420 417//414 419//419
f 441//439 427//425 438//440
f 438//440 427//425 429//431
f 438//440 429//431 433//429
f 438//440 433//429 437//437
f 437//437 433//429 431//433
f 437//437 431//433 434//434
f 447//443 449//451 461//459
f 461//459 449//451 451//449
f 457//457 451//449 454//454
f 454//454 451//449 453//453
f 457//457 459//461 451//449
f 451//449 459//461 461//459
f 400//400 401//401 399//399
f 401//401 400//400 465//462
f 465//462 462//464 401//401
f 401//401 462//464 460//458
f 401//401 460//458 403//405
f 403//405 460//458 405//403
f 405//403 460//458 446//442
f 405//403 446//442 410//412
f 410//412 446//442 442//444
f 410//412 442//444 407//409
f 407//409 442//444 444//446
f 407//409 444//446 411//407
f 411//407 444//446 440//438
f 411//407 440//438 426//424
f 426//424 440//438 428//430
f 428//430 440//438 439//441
f 428//430 439//441 432//428
f 446//442 460//458 448//450
f 448//450 460//458 458//460
f 448//450 458//460 450//448
f 450//448 458//460 456//456
f 450//448 456//456 455//455
f 450//448 455//455 452//452
f 432//428 439//441 436//436
f 432//428 436//436 430//432
f 430//432 436//436 435//435
f 411//407 426//424 414//416
f 414//416 426//424 424//426
f 414//416 424//426 422//422
f 414//416 422//422 416//413
f 416//413 422//422 421//421
f 416//413 421//421 418//418
f 469//466 468//467 470//468
f 469//466 470//468 471//469
f 471//469 472//470 473//471
f 473//471 472//470 474//472
f 472//470 471//469 470//468
f 469//466 476//473 475//474
f 476//473 469//466 471//469
f 466//475 467//476 468//467
f 468//467 469//466 466//475
f 466//475 469//466 475//474
f 466//475 475//474 477//477
f 477//477 475//474 478//478
f 477//477 478//478 479//479
f 479//479 478//478 480//480
f 480//480 478//478 481//481
f 480//480 481//481 482//482
f 477//477 479//479 483//483
f 483//483 479//479 484//484
f 483//483 484//484 485//485
f 485//485 484//484 486//486
f 485//485 486//486 487//487
f 487//487 486//486 488//488
f 475//474 476//473 478//478
f 478//478 476//473 489//489
f 490//490 466//475 477//477
f 490//490 477//477 491//491
f 491//491 492//492 490//490
f 490//490 492//492 493//493
f 493//493 492//492 494//494
f 493//493 494//494 473//471
f 492//492 495//495 494//494
f 473//471 474//472 493//493
f 476//473 473//471 494//494
f 476//473 494//494 496//496
f 473//471 476//473 471//469
f 496//496 494//494 497//497
f 497//497 494//494 498//498
f 497//497 498//498 499//499
f 499//499 498//498 500//500
f 476//473 496//496 489//489
f 489//489 496//496 501//501
f 489//489 501//501 502//502
f 502//502 501//501 503//503
f 501//501 504//504 503//503
f 503//503 504//504 505//505
f 503//503 505//505 502//502
f 502//502 505//505 481//481
f 489//489 481//481 478//478
f 481//481 489//489 502//502
f 504//504 501//501 506//506
f 506//506 501//501 496//496
f 506//506 496//496 507//507
f 507//507 496//496 511//508
f 507//507 508//509 506//506
f 506//506 508//509 509//510
f 509//510 508//509 479//479
f 509//510 479//479 480//480
f 499//499 488//488 486//486
f 499//499 486//486 510//511
f 499//499 510//511 497//497
f 497//497 510//511 496//496
f 496//496 510//511 511//508
f 488//488 499//499 487//487
f 487//487 499//499 500//500
f 494//494 495//495 512//512
f 494//494 512//512 498//498
f 498//498 512//512 500//500
f 500//500 512//512 485//485
f 500//500 485//485 487//487
f 481//481 505//505 513//513
f 513//513 505//505 514//514
f 513//513 514//514 515//515
f 490//490 493//493 516//516
f 516//516 493//493 517//517
f 516//516 517//517 518//518
f 518//518 517//517 519//519
f 508//509 507//507 520//520
f 520//520 507//507 521//521
f 520//520 521//521 522//522
f 522//522 521//521 523//523
f 490//490 516//516 466//475
f 466//475 516//516 518//518
f 466//475 518//518 524//524
f 524//524 518//518 525//525
f 518//518 526//526 525//525
f 524//524 527//527 466//475
f 466//475 527//527 467//476
f 467//476 527//527 468//467
f 491//491 477//477 528//528
f 528//528 477//477 529//529
f 529//529 477//477 483//483
f 483//483 485//485 529//529
f 528//528 529//529 530//530
f 530//530 529//529 531//531
f 530//530 531//531 532//532
f 532//532 533//533 530//530
f 508//509 520//520 479//479
f 479//479 520//520 522//522
f 479//479 522//522 534//534
f 479//479 534//534 535//535
f 534//534 522//522 536//536
f 536//536 522//522 537//537
f 535//535 484//484 479//479
f 484//484 535//535 486//486
f 509//510 480//480 538//538
f 538//538 480//480 513//513
f 513//513 480//480 482//482
f 513//513 482//482 481//481
f 538//538 513//513 539//539
f 539//539 513//513 515//515
f 539//539 515//515 540//540
f 539//539 540//540 541//541
f 485//485 512//512 529//529
f 529//529 512//512 542//542
f 529//529 542//542 543//543
f 529//529 543//543 531//531
f 493//493 474//472 517//517
f 517//517 474//472 544//544
f 544//544 474//472 472//470
f 544//544 472//470 470//468
f 517//517 544//544 519//519
f 519//519 544//544 545//545
f 519//519 545//545 546//546
f 519//519 546//546 547//547
f 492//492 548//548 495//495
f 495//495 548//548 549//549
f 495//495 549//549 543//543
f 495//495 543//543 542//542
f 543//543 549//549 550//550
f 550//550 549//549 551//551
f 542//542 512//512 495//495
f 506//506 552//552 504//504
f 504//504 552//552 553//553
f 504//504 553//553 514//514
f 514//514 553//553 554//554
f 553//553 555//555 554//554
f 504//504 514//514 505//505
f 541//541 540//540 555//555
f 555//555 540//540 554//554
f 553//553 539//539 541//541
f 553//553 541//541 555//555
f 506//506 509//510 552//552
f 552//552 509//510 538//538
f 552//552 538//538 553//553
f 553//553 538//538 539//539
f 556//556 537//537 522//522
f 556//556 522//522 523//523
f 536//536 537//537 557//557
f 557//557 537//537 556//556
f 558//558 534//534 557//557
f 557//557 534//534 536//536
f 510//511 486//486 559//559
f 559//559 486//486 535//535
f 559//559 535//535 534//534
f 559//559 534//534 558//558
f 550//550 532//532 543//543
f 543//543 532//532 531//531
f 533//533 532//532 551//551
f 551//551 532//532 550//550
f 549//549 530//530 533//533
f 549//549 533//533 551//551
f 492//492 491//491 548//548
f 548//548 491//491 528//528
f 548//548 528//528 549//549
f 549//549 528//528 530//530
f 547//547 526//526 518//518
f 547//547 518//518 519//519
f 525//525 526//526 546//546
f 546//546 526//526 547//547
f 545//545 524//524 525//525
f 545//545 525//525 546//546
f 470//468 468//467 544//544
f 544//544 468//467 527//527
f 544//544 527//527 524//524
f 544//544 524//524 545//545
f 554//554 540//540 515//515
f 554//554 515//515 514//514
f 507//507 511//508 521//521
f 521//521 511//508 559//559
f 559//559 511//508 510//511
f 521//521 559//559 523//523
f 523//523 559//559 558//558
f 523//523 558//558 557//557
f 557//557 556//556 523//523
f 560//560 583//561 561//562
f 560//560 561//562 562//563
f 562//563 561//562 563//564
f 562//563 563//564 564//565
f 564//565 563//564 565//566
f 564//565 565//566 566//567
f 566//567 565//566 567//568
f 566//567 567//568 568//569
f 568//569 567//568 569//570
f 568//569 569//570 570//571
f 570//571 569//570 571//572
f 571//572 569//570 572//573
f 571//572 572//573 573//574
f 573//574 572//573 574//575
f 573//574 574//575 575//576
f 573//574 575//576 576//577
f 576//577 575//576 577//578
f 577//578 575//576 578//579
f 577//578 578//579 579//580
f 577//578 579//580 580//581
f 580//581 579//580 581//582
f 580//581 581//582 582//583
f 582//583 581//582 583//561
f 582//583 583//561 584//584
f 584//584 583//561 560//560
f 585//585 586//586 587//587
f 585//585 587//587 588//588
f 588//588 587//587 589//589
f 589//589 587//587 590//590
f 589//589 590//590 591//591
f 591//591 590//590 592//592
f 591//591 592//592 593//593
f 593//593 592//592 594//594
f 593//593 594//594 595//595
f 595//595 594//594 596//596
f 595//595 596//596 597//597
f 595//595 597//597 598//598
f 598//598 597//597 599//599
f 599//599 597//597 600//600
f 599//599 600//600 601//601
f 601//601 600//600 602//602
f 601//601 602//602 603//603
f 603//603 602//602 604//604
f 603//603 604//604 605//605
f 605//605 604//604 606//606
f 605//605 606//606 607//607
f 605//605 607//607 608//608
f 608//608 607//607 609//609
f 608//608 609//609 610//610
f 610//610 609//609 586//586
f 610//610 586//586 585//585
f 611//611 637//612 612//613
f 612//613 637//612 613//614
f 612//613 613//614 614//615
f 614//615 613//614 615//616
f 614//615 615//616 616//617
f 616//617 615//616 617//618
f 617//618 615//616 618//619
f 617//618 618//619 619//620
f 617//618 619//620 620//621
f 620//621 619//620 621//622
f 620//621 621//622 622//623
f 622//623 621//622 623//624
f 623//624 621//622 624//625
f 623//624 624//625 625//626
f 625//626 624//625 626//627
f 625//626 626//627 627//628
f 627//628 626//627 628//629
f 627//628 628//629 629//630
f 629//630 628//629 630//631
f 629//630 630//631 631//632
f 631//632 630//631 632//633
f 631//632 632//633 633//634
f 633//634 632//633 634//635
f 633//634 634//635 635//636
f 635//636 634//635 636//637
f 635//636 636//637 611//611
f 611//611 636//637 637//612
f 662//638 638//639 639//640
f 639//640 638//639 640//641
f 639//640 640//641 641//642
f 641//642 640//641 642//643
f 641//642 642//643 643//644
f 641//642 643//644 644//645
f 644//645 643//644 645//646
f 645//646 643//644 646//647
f 645//646 646//647 647//648
f 645//646 647//648 648//649
f 648//649 647//648 649//650
f 648//649 649//650 650//651
f 650//651 649//650 651//652
f 650//651 651//652 652//653
f 652//653 651//652 653//654
f 652//653 653//654 654//655
f 654//655 653//654 655//656
f 654//655 655//656 656//657
f 656//657 655//656 657//658
f 656//657 657//658 658//659
f 658//659 657//658 659//660
f 658//659 659//660 660//661
f 660//661 659//660 661//662
f 660//661 661//662 662//638
f 662//638 661//662 638//639
f 640//641 675//663 642//643
f 642//643 675//663 663//664
f 642//643 663//664 643//644
f 643//644 663//664 664//665
f 643//644 664//665 646//647
f 646//647 664//665 665//666
f 646//647 665//666 647//648
f 647//648 665//666 666//667
f 647//648 666//667 667//668
f 647//648 667//668 649//650
f 649//650 667//668 668//669
f 649//650 668//669 651//652
f 651//652 668//669 669//670
f 651//652 669//670 653//654
f 653//654 669//670 670//671
f 653//654 670//671 655//656
f 655//656 670//671 671//672
f 655//656 671//672 657//658
f 657//658 671//672 672//673
f 657//658 672//673 659//660
f 659//660 672//673 673//674
f 659//660 673//674 661//662
f 661//662 673//674 674//675
f 661//662 674//675 638//639
f 638//639 674//675 675//663
f 638//639 675//663 640//641
f 675//663 688//676 676//677
f 675//663 676//677 663//664
f 663//664 676//677 677//678
f 663//664 677//678 664//665
f 664//665 677//678 678//679
f 664//665 678//679 665//666
f 665//666 678//679 679//680
f 665//666 679//680 666//667
f 666//667 679//680 667//668
f 667//668 679//680 680//681
f 667//668 680//681 668//669
f 668//669 680//681 681//682
f 668//669 681//682 669//670
f 669//670 681//682 682//683
f 669//670 682//683 670//671
f 670//671 682//683 683//684
f 670//671 683//684 671//672
f 671//672 683//684 684//685
f 671//672 684//685 672//673
f 672//673 684//685 685//686
f 672//673 685//686 673//674
f 673//674 685//686 686//687
f 673//674 686//687 674//675
f 674//675 686//687 687//688
f 674//675 687//688 688//676
f 674//675 688//676 675//663
f 637//612 688//676 613//614
f 613//614 688//676 687//688
f 613//614 687//688 615//616
f 615//616 687//688 686//687
f 615//616 686//687 618//619
f 618//619 686//687 685//686
f 618//619 685//686 619//620
f 619//620 685//686 684//685
f 619//620 684//685 621//622
f 621//622 684//685 683//684
f 621//622 683//684 624//625
f 624//625 683//684 682//683
f 624//625 682//683 626//627
f 626//627 682//683 681//682
f 626//627 681//682 628//629
f 628//629 681//682 680//681
f 628//629 680//681 630//631
f 630//631 680//681 679//680
f 630//631 679//680 632//633
f 632//633 679//680 634//635
f 634//635 679//680 678//679
f 634//635 678//679 636//637
f 636//637 678//679 677//678
f 636//637 677//678 676//677
f 636//637 676//677 637//612
f 637//612 676//677 688//676
f 585//585 689//689 690//690
f 585//585 690//690 610//610
f 610//610 690//690 691//691
f 610//610 691//691 608//608
f 608//608 691//691 605//605
f 689//689 585//585 588//588
f 689//689 588//588 692//692
f 692//692 588//588 589//589
f 692//692 589//589 591//591
f 692//692 591//591 693//693
f 693//693 591//591 593//593
f 693//693 593//593 595//595
f 693//693 595//595 694//694
f 694//694 595//595 598//598
f 694//694 598//598 599//599
f 694//694 599//599 695//695
f 695//695 599//599 696//696
f 696//696 599//599 601//601
f 696//696 601//601 697//697
f 697//697 601//601 603//603
f 697//697 603//603 698//698
f 698//698 603//603 605//605
f 698//698 605//605 691//691
f 695//695 696//696 699//699
f 695//695 699//699 700//700
f 700//700 699//699 701//701
f 700//700 701//701 623//624
f 623//624 701//701 622//623
f 622//623 701//701 702//702
f 622//623 702//702 620//621
f 620//621 702//702 703//703
f 620//621 703//703 617//618
f 617//618 703//703 704//704
f 617//618 704//704 616//617
f 616//617 704//704 614//615
f 614//615 704//704 705//705
f 614//615 705//705 612//613
f 612//613 705//705 611//611
f 611//611 705//705 706//706
f 611//611 706//706 635//636
f 635//636 706//706 633//634
f 633//634 706//706 631//632
f 631//632 706//706 707//707
f 631//632 707//707 629//630
f 629//630 707//707 627//628
f 627//628 707//707 708//708
f 627//628 708//708 625//626
f 625//626 708//708 623//624
f 623//624 708//708 700//700
f 561//562 709//709 563//564
f 563//564 709//709 565//566
f 565//566 709//709 710//710
f 565//566 710//710 567//568
f 567//568 710//710 711//711
f 567//568 711//711 712//712
f 567//568 712//712 569//570
f 569//570 712//712 713//713
f 569//570 713//713 572//573
f 572//573 713//713 714//714
f 572//573 714//714 574//575
f 574//575 714//714 715//715
f 574//575 715//715 575//576
f 575//576 715//715 716//716
f 575//576 716//716 578//579
f 578//579 716//716 717//717
f 578//579 717//717 718//718
f 578//579 718//718 579//580
f 579//580 718//718 581//582
f 581//582 718//718 719//719
f 581//582 719//719 583//561
f 583//561 719//719 720//720
f 583//561 720//720 561//562
f 561//562 720//720 721//721
f 561//562 721//721 709//709
f 721//721 733//722 709//709
f 709//709 733//722 722//723
f 709//709 722//723 723//724
f 709//709 723//724 710//710
f 710//710 723//724 711//711
f 711//711 723//724 724//725
f 711//711 724//725 712//712
f 712//712 724//725 725//726
f 712//712 725//726 713//713
f 713//713 725//726 726//727
f 713//713 726//727 714//714
f 714//714 726//727 727//728
f 714//714 727//728 715//715
f 715//715 727//728 728//729
f 715//715 728//729 716//716
f 716//716 728//729 729//730
f 716//716 729//730 717//717
f 717//717 729//730 718//718
f 718//718 729//730 730//731
f 718//718 730//731 719//719
f 719//719 730//731 731//732
f 719//719 731//732 720//720
f 720//720 731//732 732//733
f 720//720 732//733 721//721
f 721//721 732//733 733//722
f 586//586 733//722 587//587
f 587//587 733//722 732//733
f 587//587 732//733 590//590
f 590//590 732//733 731//732
f 590//590 731//732 592//592
f 592//592 731//732 730//731
f 592//592 730//731 594//594
f 594//594 730//731 729//730
f 594//594 729//730 596//596
f 596//596 729//730 728//729
f 596//596 728//729 597//597
f 597//597 728//729 600//600
f 600//600 728//729 727//728
f 600//600 727//728 602//602
f 602//602 727//728 726//727
f 602//602 726//727 604//604
f 604//604 726//727 725//726
f 604//604 725//726 606//606
f 606//606 725//726 724//725
f 606//606 724//725 607//607
f 607//607 724//725 723//724
f 607//607 723//724 609//609
f 609//609 723//724 722//723
f 609//609 722//723 586//586
f 586//586 722//723 733//722
f 734//734 662//638 639//640
f 734//734 639//640 735//735
f 735//735 639//640 641//642
f 735//735 641//642 644//645
f 735//735 644//645 645//646
f 735//735 645//646 648//649
f 735//735 648//649 736//736
f 736//736 648//649 650//651
f 736//736 650//651 737//737
f 737//737 650//651 652//653
f 737//737 652//653 738//738
f 738//738 652//653 747//739
f 747//739 652//653 654//655
f 654//655 739//740 747//739
f 739//740 654//655 740//741
f 740//741 654//655 656//657
f 740//741 656//657 741//742
f 741//742 656//657 658//659
f 741//742 658//659 660//661
f 741//742 660//661 742//743
f 742//743 660//661 662//638
f 742//743 662//638 734//734
f 576//577 743//744 573//574
f 743//744 744//745 573//574
f 573//574 744//745 745//746
f 745//746 744//745 746//747
f 746//747 744//745 747//739
f 746//747 747//739 739//740
f 748//748 571//572 745//746
f 745//746 571//572 573//574
f 571//572 748//748 570//571
f 570//571 748//748 749//749
f 570//571 749//749 568//569
f 568//569 749//749 750//750
f 568//569 750//750 566//567
f 566//567 750//750 751//751
f 566//567 751//751 564//565
f 564//565 751//751 752//752
f 564//565 752//752 562//563
f 562//563 752//752 753//753
f 562//563 753//753 560//560
f 560//560 753//753 584//584
f 584//584 753//753 582//583
f 582//583 753//753 754//754
f 582//583 754//754 580//581
f 580//581 754//754 577//578
f 577//578 754//754 576//577
f 576//577 754//754 743//744
f 743//744 694//694 744//745
f 744//745 694//694 695//695
f 744//745 695//695 747//739
f 747//739 695//695 700//700
f 747//739 700//700 738//738
f 738//738 700//700 737//737
f 737//737 700//700 708//708
f 737//737 708//708 736//736
f 736//736 708//708 707//707
f 707//707 706//706 736//736
f 736//736 706//706 735//735
f 734//734 705//705 742//743
f 742//743 705//705 704//704
f 742//743 704//704 741//742
f 741//742 704//704 703//703
f 741//742 703//703 740//741
f 740//741 703//703 702//702
f 740//741 702//702 739//740
f 739//740 702//702 701//701
f 739//740 701//701 699//699
f 739//740 699//699 746//747
f 746//747 699//699 696//696
f 746//747 696//696 745//746
f 745//746 696//696 748//748
f 748//748 696//696 697//697
f 748//748 697//697 749//749
f 749//749 697//697 698//698
f 749//749 698//698 691//691
f 749//749 691//691 750//750
f 750//750 691//691 751//751
f 751//751 691//691 690//690
f 751//751 690//690 752//752
f 753//753 689//689 692//692
f 753//753 692//692 754//754
f 754//754 692//692 693//693
f 754//754 693//693 743//744
f 743//744 693//693 694//694
f 770//755 755//756 769//757
f 769//757 755//756 756//758
f 756//758 755//756 757//759
f 757//759 755//756 758//760
f 757//759 758//760 759//761
f 757//759 759//761 760//762
f 760//762 759//761 761//763
f 761//763 759//761 762//764
f 761//763 762//764 763//765
f 763//765 762//764 764//766
f 763//765 764//766 765//210
f 765//210 764//766 766//212
f 765//210 766//212 767//213
f 767//213 766//212 768//214
f 767//213 768//214 769//757
f 769//757 768//214 770//755
f 790//767 771//768 789//769
f 789//769 771//768 772//770
f 771//768 773//220 772//770
f 772//770 773//220 774//219
f 774//219 773//220 775//224
f 775//224 773//220 776//223
f 775//224 776//223 777//222
f 777//222 776//223 778//221
f 777//222 778//221 779//227
f 779//227 778//221 780//225
f 779//227 780//225 781//226
f 781//226 780//225 782//771
f 781//226 782//771 783//229
f 783//229 782//771 784//228
f 784//228 785//772 783//229
f 783//229 785//772 786//773
f 786//773 785//772 787//774
f 787//774 785//772 788//775
f 787//774 788//775 789//769
f 789//769 788//775 790//767
f 813//238 791//237 812//236
f 812//236 791//237 792//235
f 791//237 793//240 792//235
f 792//235 793//240 794//239
f 794//239 793//240 795//241
f 794//239 795//241 796//242
f 796//242 795//241 797//244
f 797//244 795//241 798//243
f 797//244 798//243 799//245
f 797//244 799//245 800//250
f 800//250 799//245 801//248
f 800//250 801//248 802//249
f 802//249 801//248 803//776
f 803//776 801//248 804//777
f 803//776 804//777 752//752
f 803//776 752//752 805//778
f 805//778 752//752 734//734
f 805//778 734//734 806//779
f 805//778 806//779 807//780
f 807//780 806//779 808//256
f 807//780 808//256 809//257
f 809//257 808//256 810//255
f 810//255 808//256 811//254
f 810//255 811//254 812//236
f 812//236 811//254 813//238
f 828//261 814//781 827//259
f 827//259 814//781 815//782
f 815//782 814//781 816//783
f 816//783 814//781 817//784
f 816//783 817//784 818//785
f 818//785 817//784 819//786
f 818//785 819//786 820//787
f 818//785 820//787 821//788
f 821//788 820//787 822//789
f 822//789 823//790 821//788
f 821//788 823//790 824//269
f 824//269 823//790 825//272
f 825//272 823//790 826//271
f 825//272 826//271 827//259
f 827//259 826//271 828//261
f 851//276 829//275 852//274
f 852//274 829//275 830//273
f 830//273 829//275 831//278
f 831//278 829//275 832//277
f 831//278 832//277 833//280
f 833//280 832//277 834//279
f 833//280 834//279 835//281
f 833//280 835//281 836//284
f 836//284 835//281 837//282
f 836//284 837//282 838//283
f 838//283 837//282 839//285
f 839//285 840//287 838//283
f 838//283 840//287 841//286
f 841//286 840//287 842//290
f 842//290 840//287 843//288
f 842//290 843//288 844//289
f 844//289 843//288 845//294
f 844//289 845//294 846//293
f 846//293 845//294 847//291
f 846//293 847//291 848//292
f 848//292 847//291 849//295
f 849//295 847//291 850//296
f 849//295 850//296 851//276
f 849//295 851//276 852//274
f 868//791 853//792 867//793
f 867//793 853//792 854//794
f 854//794 853//792 855//795
f 855//795 853//792 856//796
f 855//795 856//796 857//797
f 857//797 856//796 858//798
f 857//797 858//798 859//799
f 857//797 859//799 860//800
f 860//800 859//799 861//801
f 860//800 861//801 862//802
f 861//801 863//803 862//802
f 862//802 863//803 864//307
f 864//307 863//803 865//310
f 865//310 863//803 866//309
f 865//310 866//309 867//793
f 867//793 866//309 868//791
f 883//315 884//314 869//313
f 869//313 884//314 870//311
f 869//313 870//311 871//312
f 871//312 870//311 872//319
f 872//319 870//311 873//318
f 872//319 873//318 874//317
f 874//317 873//318 875//316
f 875//316 876//321 874//317
f 874//317 876//321 877//320
f 877//320 876//321 878//804
f 877//320 878//804 879//323
f 879//323 878//804 880//805
f 879//323 880//805 881//325
f 881//325 880//805 882//326
f 881//325 882//326 883//315
f 883//315 882//326 884//314
f 922//330 885//329 921//328
f 921//328 885//329 886//327
f 885//329 887//332 886//327
f 886//327 887//332 888//806
f 888//806 887//332 889//334
f 889//334 887//332 890//333
f 890//333 891//336 889//334
f 889//334 891//336 892//335
f 891//336 893//338 892//335
f 892//335 893//338 894//337
f 894//337 893//338 895//341
f 895//341 893//338 896//339
f 895//341 896//339 897//340
f 897//340 896//339 898//807
f 897//340 898//807 899//808
f 899//808 898//807 900//809
f 900//809 898//807 901//810
f 900//809 901//810 902//811
f 900//809 902//811 903//812
f 903//812 902//811 904//813
f 903//812 904//813 905//345
f 905//345 904//813 906//344
f 905//345 906//344 907//353
f 907//353 906//344 908//814
f 907//353 908//814 909//815
f 909//815 908//814 910//816
f 909//815 910//816 911//817
f 911//817 910//816 912//818
f 912//818 913//819 911//817
f 911//817 913//819 914//357
f 913//819 915//360 914//357
f 914//357 915//360 916//359
f 916//359 915//360 917//362
f 917//362 915//360 918//361
f 917//362 918//361 919//364
f 919//364 918//361 920//363
f 919//364 920//363 921//328
f 921//328 920//363 922//330
f 705//705 734//734 902//811
f 902//811 734//734 752//752
f 902//811 752//752 690//690
f 902//811 690//690 904//813
f 904//813 690//690 689//689
f 904//813 689//689 910//816
f 904//813 910//816 908//814
f 806//779 734//734 735//735
f 806//779 735//735 764//766
f 806//779 764//766 762//764
f 706//706 893//338 735//735
f 705//705 901//810 706//706
f 706//706 901//810 896//339
f 896//339 901//810 898//807
f 753//753 912//818 689//689
f 689//689 912//818 910//816
f 753//753 752//752 804//777
f 884//314 882//326 801//248
f 801//248 882//326 804//777
f 804//777 882//326 880//805
f 804//777 880//805 753//753
f 880//805 878//804 753//753
f 753//753 878//804 876//321
f 753//753 876//321 912//818
f 912//818 876//321 913//819
f 913//819 876//321 875//316
f 875//316 873//318 913//819
f 873//318 799//245 798//243
f 873//318 798//243 913//819
f 799//245 873//318 870//311
f 799//245 870//311 801//248
f 801//248 870//311 884//314
f 868//791 891//336 890//333
f 868//791 890//333 853//792
f 891//336 868//791 866//309
f 891//336 866//309 863//803
f 891//336 863//803 813//238
f 813//238 863//803 791//237
f 791//237 863//803 861//801
f 791//237 861//801 785//772
f 791//237 785//772 784//228
f 785//772 861//801 859//799
f 785//772 859//799 788//775
f 788//775 859//799 858//798
f 858//798 856//796 788//775
f 788//775 856//796 887//332
f 853//792 887//332 856//796
f 829//275 851//276 922//330
f 922//330 851//276 885//329
f 885//329 851//276 773//220
f 773//220 851//276 776//223
f 776//223 851//276 850//296
f 776//223 850//296 778//221
f 778//221 850//296 847//291
f 778//221 847//291 845//294
f 778//221 845//294 780//225
f 780//225 845//294 843//288
f 780//225 843//288 782//771
f 782//771 843//288 784//228
f 784//228 843//288 840//287
f 784//228 840//287 793//240
f 840//287 839//285 793//240
f 793//240 839//285 795//241
f 795//241 839//285 814//781
f 795//241 814//781 798//243
f 798//243 814//781 828//261
f 814//781 839//285 817//784
f 817//784 839//285 837//282
f 817//784 837//282 819//786
f 819//786 837//282 835//281
f 819//786 835//281 820//787
f 820//787 835//281 918//361
f 918//361 835//281 834//279
f 918//361 834//279 920//363
f 920//363 834//279 832//277
f 920//363 832//277 922//330
f 922//330 832//277 829//275
f 798//243 828//261 826//271
f 798//243 826//271 913//819
f 913//819 826//271 823//790
f 913//819 823//790 915//360
f 915//360 823//790 822//789
f 915//360 822//789 918//361
f 918//361 822//789 820//787
f 891//336 813//238 811//254
f 891//336 811//254 758//760
f 758//760 811//254 759//761
f 759//761 811//254 808//256
f 759//761 808//256 762//764
f 762//764 808//256 806//779
f 784//228 793//240 791//237
f 790//767 887//332 885//329
f 790//767 885//329 771//768
f 887//332 790//767 788//775
f 773//220 771//768 885//329
f 770//755 893//338 891//336
f 770//755 891//336 755//756
f 755//756 891//336 758//760
f 893//338 770//755 768//214
f 893//338 768//214 735//735
f 768//214 766//212 735//735
f 766//212 764//766 735//735
f 904//813 908//814 906//344
f 902//811 901//810 705//705
f 706//706 896//339 893//338
f 853//792 890//333 887//332
f 881//325 903//812 909//815
f 903//812 881//325 803//776
f 803//776 881//325 802//249
f 802//249 881//325 883//315
f 802//249 883//315 869//313
f 802//249 869//313 800//250
f 800//250 869//313 871//312
f 800//250 871//312 797//244
f 797//244 871//312 872//319
f 797//244 872//319 914//357
f 797//244 914//357 825//272
f 797//244 825//272 827//259
f 914//357 872//319 874//317
f 874//317 877//320 914//357
f 914//357 877//320 911//817
f 911//817 877//320 879//323
f 911//817 879//323 909//815
f 909//815 879//323 881//325
f 862//802 864//307 792//235
f 792//235 864//307 812//236
f 812//236 864//307 892//335
f 812//236 892//335 810//255
f 810//255 892//335 757//759
f 757//759 892//335 756//758
f 756//758 892//335 769//757
f 769//757 892//335 894//337
f 864//307 865//310 892//335
f 865//310 867//793 892//335
f 892//335 867//793 889//334
f 889//334 867//793 854//794
f 889//334 854//794 888//806
f 888//806 854//794 855//795
f 888//806 855//795 787//774
f 787//774 855//795 857//797
f 787//774 857//797 786//773
f 786//773 857//797 860//800
f 786//773 860//800 862//802
f 786//773 862//802 792//235
f 848//292 777//222 846//293
f 846//293 777//222 779//227
f 846//293 779//227 844//289
f 844//289 779//227 781//226
f 844//289 781//226 842//290
f 842//290 781//226 841//286
f 841//286 781//226 783//229
f 841//286 783//229 794//239
f 794//239 783//229 792//235
f 792//235 783//229 786//773
f 777//222 848//292 775//224
f 775//224 848//292 849//295
f 775//224 849//295 774//219
f 774//219 849//295 852//274
f 774//219 852//274 886//327
f 886//327 852//274 921//328
f 921//328 852//274 830//273
f 831//278 921//328 830//273
f 921//328 831//278 919//364
f 919//364 831//278 833//280
f 919//364 833//280 917//362
f 917//362 833//280 818//785
f 818//785 833//280 836//284
f 818//785 836//284 816//783
f 816//783 836//284 838//283
f 816//783 838//283 815//782
f 815//782 838//283 796//242
f 796//242 838//283 794//239
f 794//239 838//283 841//286
f 824//269 914//357 916//359
f 824//269 916//359 821//788
f 914//357 824//269 825//272
f 797//244 827//259 815//782
f 797//244 815//782 796//242
f 917//362 818//785 821//788
f 821//788 916//359 917//362
f 903//812 803//776 805//778
f 903//812 805//778 900//809
f 900//809 805//778 807//780
f 900//809 807//780 765//210
f 765//210 807//780 763//765
f 763//765 807//780 761//763
f 761//763 807//780 809//257
f 761//763 809//257 760//762
f 760//762 809//257 810//255
f 760//762 810//255 757//759
f 888//806 787//774 789//769
f 888//806 789//769 886//327
f 886//327 789//769 772//770
f 886//327 772//770 774//219
f 894//337 767//213 769//757
f 900//809 765//210 895//341
f 900//809 895//341 897//340
f 895//341 765//210 767//213
f 895//341 767//213 894//337
f 900//809 897//340 899//808
f 909//815 903//812 907//353
f 907//353 903//812 905//345
f 924//820 923//821 925//822
f 925//822 923//821 926//823
f 925//822 926//823 927//824
f 927//824 926//823 928//825
f 927//824 928//825 929//826
f 929//826 928//825 930//827
f 929//826 930//827 931//828
f 931//828 930//827 932//829
f 931//828 932//829 933//830
f 933//830 932//829 934//831
f 933//830 934//831 935//832
f 935//832 934//831 936//833
f 935//832 936//833 937//834
f 937//834 936//833 938//835
f 937//834 938//835 939//836
f 939//836 938//835 940//837
f 939//836 940//837 941//838
f 939//836 941//838 942//839
f 942//839 941//838 943//840
f 942//839 943//840 944//841
f 944//841 943//840 945//842
f 944//841 945//842 946//843
f 946//843 945//842 924//820
f 924//820 945//842 923//821
f 923//821 947//844 926//823
f 926//823 947//844 948//845
f 926//823 948//845 949//846
f 926//823 949//846 928//825
f 928//825 949//846 930//827
f 930//827 949//846 950//847
f 930//827 950//847 951//848
f 930//827 951//848 932//829
f 932//829 951//848 952//849
f 932//829 952//849 934//831
f 934//831 952//849 953//850
f 934//831 953//850 936//833
f 936//833 953//850 954//851
f 936//833 954//851 938//835
f 938//835 954//851 955//852
f 938//835 955//852 940//837
f 940//837 955//852 956//853
f 940//837 956//853 941//838
f 941//838 956//853 943//840
f 943//840 956//853 957//854
f 943//840 957//854 945//842
f 945//842 957//854 958//855
f 945//842 958//855 923//821
f 923//821 958//855 947//844
f 924//820 959//856 960//857
f 924//820 960//857 946//843
f 946//843 960//857 961//858
f 946//843 961//858 944//841
f 944//841 961//858 962//859
f 944//841 962//859 942//839
f 942//839 962//859 963//860
f 942//839 963//860 939//836
f 939//836 963//860 964//861
f 939//836 964//861 937//834
f 937//834 964//861 965//862
f 937//834 965//862 935//832
f 935//832 965//862 966//863
f 935//832 966//863 933//830
f 933//830 966//863 967//864
f 933//830 967//864 968//865
f 933//830 968//865 931//828
f 931//828 968//865 969//866
f 931//828 969//866 929//826
f 929//826 969//866 970//867
f 929//826 970//867 927//824
f 927//824 970//867 925//822
f 925//822 970//867 971//868
f 925//822 971//868 924//820
f 924//820 971//868 959//856
f 959//856 947//844 960//857
f 960//857 947//844 958//855
f 960//857 958//855 961//858
f 961//858 958//855 957//854
f 961//858 957//854 962//859
f 962//859 957//854 956//853
f 962//859 956//853 963//860
f 963//860 956//853 955//852
f 963//860 955//852 964//861
f 964//861 955//852 965//862
f 965//862 955//852 954//851
f 965//862 954//851 966//863
f 966//863 954//851 953//850
f 966//863 953//850 967//864
f 967//864 953//850 952//849
f 967//864 952//849 968//865
f 968//865 952//849 951//848
f 968//865 951//848 950//847
f 968//865 950//847 969//866
f 969//866 950//847 949//846
f 969//866 949//846 970//867
f 970//867 949//846 948//845
f 970//867 948//845 971//868
f 971//868 948//845 947//844
f 971//868 947//844 959//856
f 972//869 973//870 998//871
f 998//871 973//870 997//872
f 973//870 972//869 974//873
f 973//870 974//873 975//874
f 975//874 974//873 976//875
f 975//874 976//875 977//876
f 977//876 976//875 978//877
f 977//876 978//877 979//878
f 979//878 978//877 980//879
f 979//878 980//879 981//880
f 981//880 980//879 982//881
f 981//880 982//881 983//882
f 983//882 982//881 984//883
f 983//882 984//883 985//884
f 985//884 984//883 986//885
f 985//884 986//885 987//886
f 987//886 986//885 988//887
f 987//886 988//887 989//888
f 989//888 988//887 990//889
f 989//888 990//889 991//890
f 991//890 990//889 992//891
f 992//891 990//889 993//892
f 992//891 993//892 994//893
f 994//893 993//892 995//894
f 994//893 995//894 996//895
f 996//895 995//894 997//872
f 997//872 995//894 998//871
f 998//871 999//896 972//869
f 972//869 999//896 1000//897
f 972//869 1000//897 974//873
f 974//873 1000//897 1001//898
f 974//873 1001//898 976//875
f 976//875 1001//898 1002//899
f 976//875 1002//899 978//877
f 978//877 1002//899 1003//900
f 978//877 1003//900 980//879
f 980//879 1003//900 1004//901
f 980//879 1004//901 982//881
f 982//881 1004//901 1005//902
f 982//881 1005//902 984//883
f 984//883 1005//902 986//885
f 986//885 1005//902 1006//903
f 986//885 1006//903 1007//904
f 986//885 1007//904 988//887
f 988//887 1007//904 1008//905
f 988//887 1008//905 990//889
f 990//889 1008//905 1009//906
f 990//889 1009//906 1010//907
f 990//889 1010//907 993//892
f 993//892 1010//907 1011//908
f 993//892 1011//908 995//894
f 995//894 1011//908 1012//909
f 995//894 1012//909 998//871
f 998//871 1012//909 999//896
f 973//870 1013//910 997//872
f 997//872 1013//910 1014//911
f 997//872 1014//911 996//895
f 996//895 1014//911 1015//912
f 996//895 1015//912 994//893
f 994//893 1015//912 1016//913
f 994//893 1016//913 992//891
f 992//891 1016//913 991//890
f 991//890 1016//913 1017//914
f 991//890 1017//914 989//888
f 989//888 1017//914 1018//915
f 989//888 1018//915 987//886
f 987//886 1018//915 1019//916
f 987//886 1019//916 985//884
f 985//884 1019//916 1020//917
f 985//884 1020//917 983//882
f 983//882 1020//917 1021//918
f 983//882 1021//918 981//880
f 981//880 1021//918 1022//919
f 981//880 1022//919 979//878
f 979//878 1022//919 1023//920
f 979//878 1023//920 977//876
f 977//876 1023//920 1024//921
f 977//876 1024//921 1025//922
f 977//876 1025//922 975//874
f 975//874 1025//922 973//870
f 973//870 1025//922 1026//923
f 973//870 1026//923 1013//910
f 1013//910 999//896 1014//911
f 1014//911 999//896 1012//909
f 1014//911 1012//909 1015//912
f 1015//912 1012//909 1011//908
f 1015//912 1011//908 1016//913
f 1016//913 1011//908 1010//907
f 1016//913 1010//907 1017//914
f 1017//914 1010//907 1009//906
f 1017//914 1009//906 1008//905
f 1017//914 1008//905 1018//915
f 1018//915 1008//905 1007//904
f 1018//915 1007//904 1019//916
f 1019//916 1007//904 1006//903
f 1019//916 1006//903 1020//917
f 1020//917 1006//903 1005//902
f 1020//917 1005//902 1021//918
f 1021//918 1005//902 1004//901
f 1021//918 1004//901 1022//919
f 1022//919 1004//901 1003//900
f 1022//919 1003//900 1023//920
f 1023//920 1003//900 1002//899
f 1023//920 1002//899 1024//921
f 1024//921 1002//899 1001//898
f 1024//921 1001//898 1025//922
f 1025//922 1001//898 1000//897
f 1025//922 1000//897 1026//923
f 1026//923 1000//897 999//896
f 1026//923 999//896 1013//910
f 1027//924 1028//925 1050//926
f 1050//926 1028//925 1049//927
f 1028//925 1027//924 1029//928
f 1028//925 1029//928 1030//929
f 1030//929 1029//928 1031//930
f 1031//930 1029//928 1032//931
f 1031//930 1032//931 1033//932
f 1033//932 1032//931 1034//933
f 1033//932 1034//933 1035//934
f 1035//934 1034//933 1036//935
f 1035//934 1036//935 1037//936
f 1037//936 1036//935 1038//937
f 1038//937 1036//935 1039//938
f 1038//937 1039//938 1040//939
f 1038//937 1040//939 1041//940
f 1041//940 1040//939 1042//941
f 1041//940 1042//941 1043//942
f 1043//942 1042//941 1044//943
f 1044//943 1042//941 1045//944
f 1044//943 1045//944 1046//945
f 1046//945 1045//944 1047//946
f 1046//945 1047//946 1048//947
f 1048//947 1047//946 1049//927
f 1049//927 1047//946 1050//926
f 1050//926 1051//948 1027//924
f 1027//924 1051//948 1052//949
f 1027//924 1052//949 1029//928
f 1029//928 1052//949 1053//950
f 1029//928 1053//950 1032//931
f 1032//931 1053//950 1054//951
f 1032//931 1054//951 1034//933
f 1034//933 1054//951 1055//952
f 1034//933 1055//952 1036//935
f 1036//935 1055//952 1056//953
f 1036//935 1056//953 1057//954
f 1036//935 1057//954 1039//938
f 1039//938 1057//954 1040//939
f 1040//939 1057//954 1058//955
f 1040//939 1058//955 1042//941
f 1042//941 1058//955 1059//956
f 1042//941 1059//956 1060//957
f 1042//941 1060//957 1045//944
f 1045//944 1060//957 1047//946
f 1047//946 1060//957 1061//958
f 1047//946 1061//958 1050//926
f 1050//926 1061//958 1051//948
f 1028//925 1062//959 1049//927
f 1049//927 1062//959 1063//960
f 1049//927 1063//960 1048//947
f 1048//947 1063//960 1064//961
f 1048//947 1064//961 1046//945
f 1046//945 1064//961 1065//962
f 1046//945 1065//962 1044//943
f 1044//943 1065//962 1043//942
f 1043//942 1065//962 1066//963
f 1043//942 1066//963 1041//940
f 1041//940 1066//963 1067//964
f 1041//940 1067//964 1068//965
f 1041//940 1068//965 1038//937
f 1038//937 1068//965 1069//966
f 1038//937 1069//966 1037//936
f 1037//936 1069//966 1070//967
f 1037//936 1070//967 1035//934
f 1035//934 1070//967 1071//968
f 1035//934 1071//968 1033//932
f 1033//932 1071//968 1072//969
f 1033//932 1072//969 1031//930
f 1031//930 1072//969 1030//929
f 1030//929 1072//969 1073//970
f 1030//929 1073//970 1074//971
f 1030//929 1074//971 1028//925
f 1028//925 1074//971 1062//959
f 1051//948 1063//960 1062//959
f 1063//960 1051//948 1061//958
f 1063//960 1061//958 1064//961
f 1064//961 1061//958 1060//957
f 1064//961 1060//957 1065//962
f 1065//962 1060//957 1059//956
f 1065//962 1059//956 1066//963
f 1066//963 1059//956 1067//964
f 1067//964 1059//956 1058//955
f 1067//964 1058//955 1068//965
f 1068//965 1058//955 1057//954
f 1068//965 1057//954 1069//966
f 1069//966 1057//954 1056//953
f 1069//966 1056//953 1070//967
f 1070//967 1056//953 1055//952
f 1070//967 1055//952 1071//968
f 1071//968 1055//952 1054//951
f 1071//968 1054//951 1072//969
f 1072//969 1054//951 1053//950
f 1072//969 1053//950 1073//970
f 1073//970 1053//950 1052//949
f 1073//970 1052//949 1074//971
f 1074//971 1052//949 1062//959
f 1062//959 1052//949 1051//948
f 1101//972 1075//973 1100//974
f 1075//973 1101//972 1076//975
f 1075//973 1076//975 1077//976
f 1077//976 1076//975 1078//977
f 1077//976 1078//977 1079//978
f 1077//976 1079//978 1080//979
f 1080//979 1079//978 1081//980
f 1081//980 1079//978 1082//981
f 1081//980 1082//981 1083//982
f 1083//982 1082//981 1084//983
f 1083//982 1084//983 1085//984
f 1085//984 1084//983 1086//985
f 1085//984 1086//985 1087//986
f 1085//984 1087//986 1088//987
f 1088//987 1087//986 1089//988
f 1088//987 1089//988 1090//989
f 1090//989 1089//988 1091//990
f 1090//989 1091//990 1092//991
f 1092//991 1091//990 1093//992
f 1092//991 1093//992 1094//993
f 1094//993 1093//992 1095//994
f 1094//993 1095//994 1096//995
f 1096//995 1095//994 1097//996
f 1096//995 1097//996 1098//997
f 1098//997 1097//996 1099//998
f 1098//997 1099//998 1100//974
f 1100//974 1099//998 1101//972
f 1101//972 1102//999 1103//1000
f 1101//972 1103//1000 1076//975
f 1076//975 1103//1000 1078//977
f 1078//977 1103//1000 1104//1001
f 1078//977 1104//1001 1079//978
f 1079//978 1104//1001 1105//1002
f 1079//978 1105//1002 1082//981
f 1082//981 1105//1002 1106//1003
f 1082//981 1106//1003 1084//983
f 1084//983 1106//1003 1107//1004
f 1084//983 1107//1004 1086//985
f 1086//985 1107//1004 1108//1005
f 1086//985 1108//1005 1087//986
f 1087//986 1108//1005 1109//1006
f 1087//986 1109//1006 1089//988
f 1089//988 1109//1006 1110//1007
f 1089//988 1110//1007 1091//990
f 1091//990 1110//1007 1093//992
f 1093//992 1110//1007 1111//1008
f 1093//992 1111//1008 1095//994
f 1095//994 1111//1008 1112//1009
f 1095//994 1112//1009 1097//996
f 1097//996 1112//1009 1113//1010
f 1097//996 1113//1010 1099//998
f 1099//998 1113//1010 1101//972
f 1101//972 1113//1010 1102//999
f 1075//973 1114//1011 1100//974
f 1100//974 1114//1011 1115//1012
f 1100//974 1115//1012 1098//997
f 1098//997 1115//1012 1116//1013
f 1098//997 1116//1013 1117//1014
f 1098//997 1117//1014 1096//995
f 1096//995 1117//1014 1118//1015
f 1096//995 1118//1015 1094//993
f 1094//993 1118//1015 1092//991
f 1092//991 1118//1015 1119//1016
f 1092//991 1119//1016 1090//989
f 1090//989 1119//1016 1120//1017
f 1090//989 1120//1017 1088//987
f 1088//987 1120//1017 1121//1018
f 1088//987 1121//1018 1085//984
f 1085//984 1121//1018 1122//1019
f 1085//984 1122//1019 1083//982
f 1083//982 1122//1019 1123//1020
f 1083//982 1123//1020 1124//1021
f 1083//982 1124//1021 1081//980
f 1081//980 1124//1021 1125//1022
f 1081//980 1125//1022 1080//979
f 1080//979 1125//1022 1126//1023
f 1080//979 1126//1023 1077//976
f 1077//976 1126//1023 1127//1024
f 1077//976 1127//1024 1075//973
f 1075//973 1127//1024 1114//1011
f 1114//1011 1102//999 1115//1012
f 1115//1012 1102//999 1113//1010
f 1115//1012 1113//1010 1116//1013
f 1116//1013 1113//1010 1117//1014
f 1117//1014 1113//1010 1112//1009
f 1117//1014 1112//1009 1118//1015
f 1118//1015 1112//1009 1111//1008
f 1118//1015 1111//1008 1119//1016
f 1119//1016 1111//1008 1110//1007
f 1119//1016 1110//1007 1120//1017
f 1120//1017 1110//1007 1109//1006
f 1120//1017 1109//1006 1121//1018
f 1121//1018 1109//1006 1108//1005
f 1121//1018 1108//1005 1122//1019
f 1122//1019 1108//1005 1107//1004
f 1122//1019 1107//1004 1123//1020
f 1123//1020 1107//1004 1106//1003
f 1123//1020 1106//1003 1124//1021
f 1124//1021 1106//1003 1105//1002
f 1124//1021 1105//1002 1125//1022
f 1125//1022 1105//1002 1104//1001
f 1125//1022 1104//1001 1126//1023
f 1126//1023 1104//1001 1103//1000
f 1126//1023 1103//1000 1127//1024
f 1127//1024 1103//1000 1114//1011
f 1114//1011 1103//1000 1102//999
